"","Kingdom","Phylum","Class","Order","Family","Genus","Species"
"CCTACGGGGGGCAGCAGCCGCGGTAATACGTAGGGTGCGAGCGTTAATCGGAATTACTGGGCGTAAAGCGTGCGCAGGCGGTTATGTAAGACAGATGTGAAATCCCCGGGCTCAACCTGGGAACTGCATTAGTGACTGCATAGCTGGAGTACGGCAGAGGGGGATGGAATTCCGCGTGTAGCAGTGAAATGCGTAGATATGCGGAGGAACACCGATGGCGAAGGCAATCCCCTGGGCCTGTACTGACGCTCATGCACGAAAGCGTGGGGAGCAAACAGGATTAGATACCCTTGTAGTC","d__Bacteria","p__Pseudomonadota","c__Gammaproteobacteria","o__Burkholderiales","f__Burkholderiaceae_A_595421",NA,NA
"CCTACGGGGGGCAGCAGCCGCGGTAATACGTAGGGTGCGAGCGTTAATCGGAATTACTGGGCGTAAAGCGTGCGCAGGCGGTTATGTAAGACAGATGTGAAATCCCCGGGCTCAACCTGGGAACTGCATTAGTGACTGCATAGCTGGAGTACGGCAGAGGGGGATGGAATTCCGCGTGTAGCAGTGAAATGCGTAGATATGCGGAGGAACACCGATGGCGAAGGCAATCCCCTGGGCCTGTACTGACGCTCATGCACGAAAGCGTGGGGAGCAAACAGGATTAGATACCCTAGTAGTC","d__Bacteria","p__Pseudomonadota","c__Gammaproteobacteria","o__Burkholderiales","f__Burkholderiaceae_A_595421",NA,NA
"CCTACGGGGGGCAGCAGCCGCGGTAATACGTAGGGTGCGAGCGTTAATCGGAATTACTGGGCGTAAAGCGTGCGCAGGCGGTTATGTAAGACAGATGTGAAATCCCCGGGCTCAACCTGGGAACTGCATTAGTGACTGCATAGCTGGAGTACGGCAGAGGGGGATGGAATTCCGCGTGTAGCAGTGAAATGCGTAGATATGCGGAGGAACACCGATGGCGAAGGCAATCCCCTGGGCCTGTACTGACGCTCATGCACGAAAGCGTGGGGAGCAAACAGGATTAGATACCCGTGTAGTC","d__Bacteria","p__Pseudomonadota","c__Gammaproteobacteria","o__Burkholderiales","f__Burkholderiaceae_A_595421",NA,NA
"CCTACGGGGGGCAGCAGCCGCGGTAATACGTAGGGTGCGAGCGTTAATCGGAATTACTGGGCGTAAAGCGTGCGCAGGCGGTTATGTAAGACAGATGTGAAATCCCCGGGCTCAACCTGGGAACTGCATTAGTGACTGCATAGCTGGAGTACGGCAGAGGGGGATGGAATTCCGCGTGTAGCAGTGAAATGCGTAGATATGCGGAGGAACACCGATGGCGAAGGCAATCCCCTGGGCCTGTACTGACGCTCATGCACGAAAGCGTGGGGAGCAAACAGGATTAGATACCCGAGTAGTC","d__Bacteria","p__Pseudomonadota","c__Gammaproteobacteria","o__Burkholderiales","f__Burkholderiaceae_A_595421",NA,NA
"CCTACGGGGGGCAGCAGCCGCGGTAATACGTAGGGTGCGAGCGTTAATCGGAATTACTGGGCGTAAAGCGTGCGCAGGCGGTTATGTAAGACAGATGTGAAATCCCCGGGCTCAACCTGGGAACTGCATTAGTGACTGCATAGCTGGAGTACGGCAGAGGGGGATGGAATTCCGCGTGTAGCAGTGAAATGCGTAGATATGCGGAGGAACACCGATGGCGAAGGCAATCCCCTGGGCCTGTACTGACGCTCATGCACGAAAGCGTGGGGAGCAAACAGGATTAGATACCCTGGTAGTC","d__Bacteria","p__Pseudomonadota","c__Gammaproteobacteria","o__Burkholderiales","f__Burkholderiaceae_A_595421",NA,NA
"CCTACGGGGGGCAGCAGATAAGGGGTCACAGCCATGAGGATTGCTGGCTGTTGTGACAGAGTTTCCAGGAAACTCCACAATCTTTTTAGACCATGCTAATGGCTTTAGGGGCCTGGGTCAGGCTGCAACCACTGAATAGGCATCCAGTCTGCTTGATTCAAGCCCAACAGTATTGGCCTGCATCACCGATACAGGACATCACCCAAGCGTTCAACCCCTAAGGATTAGATACCCTAGTAGTCAGAGGATA","d__Bacteria",NA,NA,NA,NA,NA,NA
"CCTACGGGGGGCAGCAGCCGCGGTAATACGTAGGGTGCGAGCGTTAATCGGAATTACTGGGCGTAAAGCGTGCGCAGGCGGTTATGTAAGACAGATGTGAAATCCCCGGGCTCAACCTGGGAACTGCATTAGTGACTGCATAGCTGGAGTACGGCAGAGGGGGATGGAATTCCGCGTGTAGCAGTGAAATGCGTAGATATGCGGAGGAACACCGATGGCGAAGGCAATCCCCTGGGCCTGTACTGACGCTCATGCACGAAAGCGTGGGGAGCAAACAGGATTAGATACCCGGGTAGTC","d__Bacteria","p__Pseudomonadota","c__Gammaproteobacteria","o__Burkholderiales","f__Burkholderiaceae_A_595421",NA,NA
"CCTACGGGGGGCAGCAGATAAGGGGTCACAGCCATGAGGATTGCTGGCTGTTGTGACAGAGTTTCCAGGAAACTCCACAATCTTTTTAGACCATGCTAATGGCTTTAGGGGCCTGGGTCAGGCTGCAACCACTGAATAGGCATCCAGTCTGCTTGATTCAAGCCCAACAGTATTGGCCTGCATCACCGATACAGGACATCACCCAAGCGTTCAGCCCCTAAGGATTAGATACCCTTGTAGTCCTCCTTAC","d__Bacteria",NA,NA,NA,NA,NA,NA
"CCTACGGGGGGCTGCAGTGATAAACATTAAGCAATAAGCGAATACACCAATTTAAAGCTTGACTTAGTTATGATTAACAGGGCCGGTAAACCTCGTGCCAGCCACCGCGGTTATACGAGGGGCCCAAAGCAGCAACCTATCGGCGTAAATAGTGGCTAGAACACCAACCAACACATTAAAAATTAAACCCTAGCCTAACCGTAAAACACAGGCTAAATGAAACCAAACATTTTTAGCAACAGGTAGTTTGACCCACGAAAACTAAGAAACAAACTAGGATTAGATACCCTTGTAGTC","d__Bacteria",NA,NA,NA,NA,NA,NA
"AGACAGCGTACTAGCCTACGGGGGGCAGCAGTGGATACTGGGCGACTAGAATGTGGTAGAGGGTAGCGGAATTCCTGGTGTAGCAGTGAAATGCGTAGAGATCAGGAGGAACATCCATGGCGAAGGCAGCTACCTGGACCAACACTGACACTGAGGCACGAAAGCGTGGGGAGCAAACAGGATTAGATACCCTTGTAGTCCTCCTTACCTGTCTCTTATACACATCTCCGAGCCCACGAGACCGTACTAGATCTCGTATGCCGT","d__Bacteria","p__Pseudomonadota","c__Gammaproteobacteria","o__Xanthomonadales","f__Xanthomonadaceae","g__Stenotrophomonas_A_615274","s__pavanii"
"AGACAGCGTACTAGCCTACGGGGGGCAGCAGTGGATACTGGGCGACTAGAATGTGGTAGAGGGTAGCGGAATTCCTGGTGTAGCAGTGAAATGCGTAGAGATCAGGAGGAACATCCATGGCGAAGGCAGCTACCTGGACCAACATTGACACTGAGGCACGAAAGCGTGGGGAGCAAACAGGATTAGATACCCTAGTAGTCAGGCTTAGCTGTCTCTTATACACATCTCCGAGCCCACGAGACTAAGGCGAATCTCGTATGCCGT","d__Bacteria","p__Pseudomonadota","c__Gammaproteobacteria","o__Xanthomonadales","f__Xanthomonadaceae","g__Stenotrophomonas_A_615274","s__pavanii"
"CCTACGGGGGGCAGCAGCCGCGGTAATACGTAGGGTGCGAGCGTTAATCGGAATTACTGGGCGTAAAGCGTGCGCAGGCGGTTATGTAAGACAGATGTGAAATCCCCGGGCTCAACCTGGGAACTGCATTAGTGACTGCATAGCTGGAGTACGGCAGAGGGGGATGGAATTCCGCGTGTAGCAGTGAAATGCGTAGATATGCGGAGGAACACCGATGGCGAAGGCAATCCCCTGGGCCTGTACTGACGCTCATGCACGAAAGCGTGGGGAGCAAACAGGATTAGATACCCCTGTAGTC","d__Bacteria","p__Pseudomonadota","c__Gammaproteobacteria","o__Burkholderiales","f__Burkholderiaceae_A_595421",NA,NA
"CCTACGGGGGGCAGCAGCCGCGGTAATACGTAGGGTGCGAGCGTTAATCGGAATTACTGGGCGTAAAGCGTGCGCAGGCGGTTATGTAAGACAGATGTGAAATCCCCGGGCTCAACCTGGGAACTGCATTAGTGACTGCATAGCTGGAGTACGGCAGAGGGGGATGGAATTCCGCGTGTAGCAGTGAAATGCGTAGATATGCGGAGGAACACCGATGGCGAAGGCAATCCCCTGGGCCTGTACTGACGCTCATGCACGAAAGCGTGGGGAGCAAACAGGATTAGATACCCCGGTAGTC","d__Bacteria","p__Pseudomonadota","c__Gammaproteobacteria","o__Burkholderiales","f__Burkholderiaceae_A_595421",NA,NA
"AGACAGCGTACTAGCCTACGGGGGGCTGCAGTGGATACTGGGCGACTAGAATGTGGTAGAGGGTAGCGGAATTCCTGGTGTAGCAGTGAAATGCGTAGAGATCAGGAGGAACATCCATGGCGAAGGCAGCTACCTGGACCAACATTGACACTGAGGCACGAAAGCGTGGGGAGCAAACAGGATTAGATACCCTGGTAGTCAGAGGATACTGTCTCTTATACACATCTCCGAGCCCACGAGACTAAGGCGAATCTCGTATGCCGT","d__Bacteria","p__Pseudomonadota","c__Gammaproteobacteria","o__Xanthomonadales","f__Xanthomonadaceae","g__Stenotrophomonas_A_615274","s__pavanii"
"CCTACGGGGGGCAGCAGCCGCGGTAATACGTAGGGTGCGAGCGTTAATCGGAATTACTGGGCGTAAAGCGTGCGCAGGCGGTTATGTAAGACAGATGTGAAATCCCCGGGCTCAACCTGGGAACTGCATTAGTGACTGCATAGCTGGAGTACGGCAGAGGGGGATGGAATTCCGCGTGTAGCAGTGAAATGCGTAGATATGCGGAGGAACACCGATGGCGAAGGCAATCCCCTGGGCCTGTACTGACGCTCATGCACGAAAGCGTGGGGAGCAAACAGGATTAGATACCCCAGTAGTC","d__Bacteria","p__Pseudomonadota","c__Gammaproteobacteria","o__Burkholderiales","f__Burkholderiaceae_A_595421",NA,NA
"AGACAGTAAGGCGACCTACGGGGGGCTGCAGTGGATACTGGGCGACTAGAATGTGGTAGAGGGTAGCGGAATTCCTGGTGTAGCAGTGAAATGCGTAGAGATCAGGAGGAACATCCATGGCGAAGGCAGCTACCTGGACCAACATTGACACTGAGGCACGAAAGCGTGGGGAGCAAACAGGATTAGATACCCGAGTAGTCAGGCTTAGCTGTCTCTTATACACATCTCCGAGCCCACGAGACCGTACTAGATCTCGTATGCCGT","d__Bacteria","p__Pseudomonadota","c__Gammaproteobacteria","o__Xanthomonadales","f__Xanthomonadaceae","g__Stenotrophomonas_A_615274","s__pavanii"
"AGACAGCGTACTAGCCTACGGGGGGCAGCAGTGGATACTGGGCGACTAGAATGTGGTAGAGGGTAGCGGAATTCCTGGTGTAGCAGTGAAATGCGTAGAGATCAGGAGGAACATCCATGGCGAAGGCAGCTACCTGGACCAACATTGACACTGAGGCACGAAAGCGTGGGGAGCAAACAGGATTAGATACCCTTGTAGTCTACTCCTTCTGTCTCTTATACACATCTCCGAGCCCACGAGACTAAGGCGAATCTCGTATGCCGT","d__Bacteria","p__Pseudomonadota","c__Gammaproteobacteria","o__Xanthomonadales","f__Xanthomonadaceae","g__Stenotrophomonas_A_615274","s__pavanii"
"GATGTGTATAAGAGACAGCGTACTAGCCTACGGGGGGCAGCAGTACAGGCTTTTAACCACAGTAACTTTACACAATGCAATACACTCCAGATTTTTAGTGTTGTTCTGACTTCTAAGTTATCCAGAGTACTGAACTTTGTCCCTAAAATAGGTCCAGCACCTTGGAAATCCCCTTTTAAGGATTAGATACCCCTGTAGTCCTCCTTACCTGTCTCTTATACACATCTCCGAGCCCACGAGACCGTACTAGATCTCGTATGCCGTCTTCTGCTTGAA","d__Bacteria",NA,NA,NA,NA,NA,NA
"CCTACGGGGGGCTGCAGCCGTAAGTAAGTCCAGCAGAGCAGCAGCAACACCAGTCATTCCAAATATTTTTACTACTCCCTCAGAGTGTGGTGGAGTTTCCCTCTTTGGAAGTCTTTAAACATAAGCTGGATGGCCATTTGTCAGGGGTGCTTTGATTGTTTATTCCTGCATGTCAGGGGGTTGGATTAGATACCCTAGTAGTCTCTACTCTCTGTCTCTTATACACATCTCCGAGCCCACGAGACTAAGG","d__Bacteria","p__Patescibacteria",NA,NA,NA,NA,NA
"CCTACGGGGGGCAGCAGTGATAAACCTTAAGCAATAAGCGAATACACCTAATTTAAAGCTTGACTTAGTTATGATTAACAGGGCCGGTAAACCTCGTGCCAGCCACCGCGGTTATACGAGGGGCCCAAAGCAGTAGACCCCGGCGTAAATAGTGACTAGAACACCAACCAATAAGTTAAAAATTAAACCATATCCTAACCGTAAAACATCAGGCTAGATGAAACCAAGCATTTTTAACAACCGGTAGTTTGATTCACGAAAACTAAGAAACAAACTAGGATTAGATACCCGTGTAGTC","d__Bacteria",NA,NA,NA,NA,NA,NA
"CCTACGGGGGGCTGCAGCCGCGGTAATACGTAGGGTGCGAGCGTTAATCGGAATTACTGGGCGTAAAGCGTGCGCAGGCGGTTATGTAAGACAGATGTGAAATCCCCGGGCTCAACCTGGGAACTGCATTAGTGACTGCATAGCTGGAGTACGGCAGAGGGGGATGGAATTCCGCGTGTAGCAGTGAAATGCGTAGATATGCGGAGGAACACCGATGGCGAAGGCAATCCCCTGGGCCTGTACTGACGCTCATGCACGAAAGCGTGGGGAGCAAACAGGATTAGATACCCGTGTAGTC","d__Bacteria","p__Pseudomonadota","c__Gammaproteobacteria","o__Burkholderiales","f__Burkholderiaceae_A_595421",NA,NA
"CCTACGGGGGGCAGCAGATAAGGGGTCACAGCCATGAGGATTGCTGGCTGTTGTGACAGAGTTTCCAGGAAACTCCACAATCTTTTTAGACCATGCTAATGGCTTTAGGGGCCTGGGTCAGGCTGCAACCACTGAATAGGCATCCAGTCTGCTTGATTCAAGCCCAACAGTATTGGCCTGCATCACCGATACAGGACATCACCCAAGCGTTCAGCCCCTAAGGATTAGATACCCTGGTAGTCAGAGGATA","d__Bacteria",NA,NA,NA,NA,NA,NA
"CCTACGGGGGGCTGCAGCTGCGGTAATTCCAGCTCTGCAAGTTTGCTCCCATATTGTTGCAGTTAAAACGCCCGTAGTCTGAATTTTCCCGCAAGGGAATTATTCCTTTTTGGAGTTCACTGTGAACAAAACAGGACGCTTAGAGTAGGGTTTACTTGAATGATTTAGCGCAGTATGAAATTTTTACCTTTTGGTAAGATCAATGAGAGCCATCGGGGATAAATCTATTACATGGCGAGCGGTGGAATGCTCTGACCCATGTGAGAGAAACAAAAGCGAAGGCATTTATCTAGAGGGTTTCTGTCGATCAAGGGCGAGAGTAGGAGTATCCAACCGGATTAGATACCCGTGTAGTC","d__Bacteria",NA,NA,NA,NA,NA,NA
"CCTACGGGGGGCTGCAGTGATAAACCTTAAGCAATAAGCGAATACACCTAATTTAAAGCTTGACTTAGTTATGATTAACAGGGCCGGTAAACCTCGTGCCAGCCACCGCGGTTATACGAGGGGCCCAAAGCAGTAGACCCCGGCGTAAATAGTGGCTAGAACACCAACCAATAAGTTAAAAATTAAACCATATCCTAACCGTAAAACATCAGGCTAGATGAAACCAAGCATTTTTAACAACCGGTAGTTTGATTCACGAAAACTAAGAAACAAACTAGGATTAGATACCCGTGTAGTC","d__Bacteria",NA,NA,NA,NA,NA,NA
"CCTACGGGGGGCTGCAGCCGCGGTAATACGTAGGGTGCGAGCGTTAATCGGAATTACTGGGCGTAAAGCGTGCGCAGGCGGTTATGTAAGACAGATGTGAAATCCCCGGGCTCAACCTGGGAACTGCATTAGTGACTGCATAGCTGGAGTACGGCAGAGGGGGATGGAATTCCGCGTGTAGCAGTGAAATGCGTAGATATGCGGAGGAACACCGATGGCGAAGGCAATCCCCTGGGCCTGTACTGACGCTCATGCACGAAAGCGTGGGGAGCAAACAGGATTAGATACCCTTGTAGTC","d__Bacteria","p__Pseudomonadota","c__Gammaproteobacteria","o__Burkholderiales","f__Burkholderiaceae_A_595421",NA,NA
"AGACAGTAAGGCGACCTACGGGGGGCAGCAGTGGATACTGGGCGACTAGAATGTGGTAGAGGGTAGCGGAATTCCTGGTGTAGCAGTGAAATGCGTAGAGATCAGGAGGAACATCCATGGCGAAGGCAGCTACCTGGACCAACATTGACACTGAGGCACGAAAGCGTGGGGAGCAAACAGGATTAGATACCCTGGTAGTCAGGCTTAGCTGTCTCTTATACACATCTCCGAGCCCACGAGACTAAGGCGAATCTCGTATGCCGT","d__Bacteria","p__Pseudomonadota","c__Gammaproteobacteria","o__Xanthomonadales","f__Xanthomonadaceae","g__Stenotrophomonas_A_615274",NA
"CCTACGGGGGGCTGCAGCCGCGGTAATACGTAGGGTGCGAGCGTTAATCGGAATTACTGGGCGTAAAGCGTGCGCAGGCGGTTATGTAAGACAGATGTGAAATCCCCGGGCTCAACCTGGGAACTGCATTAGTGACTGCATAGCTGGAGTACGGCAGAGGGGGATGGAATTCCGCGTGTAGCAGTGAAATGCGTAGATATGCGGAGGAACACCGATGGCGAAGGCAATCCCCTGGGCCTGTACTGACGCTCATGCACGAAAGCGTGGGGAGCAAACAGGATTAGATACCCGAGTAGTC","d__Bacteria","p__Pseudomonadota","c__Gammaproteobacteria","o__Burkholderiales","f__Burkholderiaceae_A_595421",NA,NA
"CCTACGGGGGGCAGCAGAATGGCTCAATAGGTGTTCCTGCTCAATATAAAGAATACAAGTACATACAGGACATTGTTAGAGGGAACTTGAGAAAATATTTTTCTTTTCCTTTCTTTTCTTTTTTCTTTCTTTTTTTTAGCACTATAGCTCTCACAGTCCTCTAGCTCTCATGGCCAACACTGGCTGGAGGGGGCTTGGGTATTGTAGTGCAAATTCTGTTGTTAGGCCATTAGAACATTAAATCACTATTGTGACATCCTATCGATGCACCATGAGAAGAATTGACCAAGCATTCCCCTGTTCACTTATGCAGTGGAGGAATTCTCTGCAAGAATTCATGTAACTATTCCCATGCATTCATAATTAGTTTAGCAGTACAAAATAACTCATGTGGATTAGATACCCCTGTAGTC","d__Bacteria","p__Pseudomonadota","c__Alphaproteobacteria","o__Rickettsiales","f__Mitochondria",NA,NA
"AGACAGAGGCAGAACCTACGGGGGGCAGCAGTGGATACTGGGCGACTAGAATGTGGTAGAGGGTAGCGGAATTCCTGGTGTAGCAGTGAAATGCGTAGAGATCAGGAGGAACATCCATGGCGAAGGCAGCTACCTGGACCAACATTGACACTGAGGCACGAAAGCGTGGGGAGCAAACAGGATTAGATACCCGAGTAGTCTCTACTCTCTGTCTCTTATACACATCTCCGAGCCCACGAGACTAAGGCGAATCTCGTATGCCGT","d__Bacteria","p__Pseudomonadota","c__Gammaproteobacteria","o__Xanthomonadales","f__Xanthomonadaceae","g__Stenotrophomonas_A_615274","s__pavanii"
"AGACAGAGGCAGAACCTACGGGGGGCAGCAGTGGATACTGGGCGACTAGAATGTGGTAGAGGGTAGCGGAATTCCTGGTGTAGCAGTGAAATGCGTAGAGATCAGGAGGAACATCCATGGCGAAGGCAGCTACCTGGACCAACATTGACACTGAGGCACGAAAGCGTGGGGAGCAAACAGGATTAGATACCCCTGTAGTCGCGATCTACTGTCTCTTATACACATCTCCGAGCCCACGAGACTAAGGCGAATCTCGTATGCCGT","d__Bacteria","p__Pseudomonadota","c__Gammaproteobacteria","o__Xanthomonadales","f__Xanthomonadaceae","g__Stenotrophomonas_A_615274","s__pavanii"
"CCTACGGGGGGCAGCAGCCTGAGAGCAGATGGCTTGCCCTGGGTCACCCAACTGGTTTTCATGTCTGAGAGTAGGACTTGAACCCAGATCTCGTAAAGTCCAGCATTCAAAGCACTACAGTATAATGGCTTCATTAGTCACTTTGCCCACTTTTTATTTTGATGCTTAAAATTTATTTCTAAATGCTCAGCTGACATTTTAAGTTACTGCAGTTCTAGTGTGAGTTCCTGCATGGCAGAATGGGGTTGGATTAGATACCCCGGTAGTC","d__Bacteria",NA,NA,NA,NA,NA,NA
"CCTACGGGGGGCTGCAGCCGCGGTAATACGTAGGGTGCGAGCGTTAATCGGAATTACTGGGCGTAAAGCGTGCGCAGGCGGTTATGTAAGACAGATGTGAAATCCCCGGGCTCAACCTGGGAACTGCATTAGTGACTGCATAGCTGGAGTACGGCAGAGGGGGATGGAATTCCGCGTGTAGCAGTGAAATGCGTAGATATGCGGAGGAACACCGATGGCGAAGGCAATCCCCTGGGCCTGTACTGACGCTCATGCACGAAAGCGTGGGGAGCAAACAGGATTAGATACCCTGGTAGTC","d__Bacteria","p__Pseudomonadota","c__Gammaproteobacteria","o__Burkholderiales","f__Burkholderiaceae_A_595421",NA,NA
"CCTACGGGGGGCTGCAGCCGCGGTAATACGTAGGGTGCGAGCGTTAATCGGAATTACTGGGCGTAAAGCGTGCGCAGGCGGTTATGTAAGACAGATGTGAAATCCCCGGGCTCAACCTGGGAACTGCATTAGTGACTGCATAGCTGGAGTACGGCAGAGGGGGATGGAATTCCGCGTGTAGCAGTGAAATGCGTAGATATGCGGAGGAACACCGATGGCGAAGGCAATCCCCTGGGCCTGTACTGACGCTCATGCACGAAAGCGTGGGGAGCAAACAGGATTAGATACCCTAGTAGTC","d__Bacteria","p__Pseudomonadota","c__Gammaproteobacteria","o__Burkholderiales","f__Burkholderiaceae_A_595421",NA,NA
"GTCGGCAGCGTCAGATGTGTATAAGAGACAGCGTACTAGCCTACGGGGGGCAGCAGTACAGGCATTTAACCACTGTGCCACCATGCAGCTGGCAGCTAATGGCCTGCCACATCCTACATGGCATGGGGAGTAAAATGTTGTTACCCATGTGACTGAAATGCATGCAAGTATGCCCTGGAGGATTAGATACCCTTGTAGTCAGAGGATACTGTCTCTTATACACATCTCCGAGCCCACGAGACCGTACTAGATCTCGTATGCCGTCTTCTGCTTGAAAAAAAAAAAAAAA","d__Bacteria",NA,NA,NA,NA,NA,NA
"CCTACGGGGGGCAGCAGTGATAAACCTTAAGCAATAAGCGAATACACCTAATTTAAAGCTTGACTTAGTTATGATTAACAGGGCCGGTAAACCTCGTGCCAGCCACCGCGGTTATACGAGGGGCCCAAAGCAGTAGACCCCGGCGTAAATAGTGGCTAGAACACCAACCAATAAGTTAAAAATTAAACCATATCCTAACCGTAAAACATCAGGCTAGATGAAACCAAGCATTTTTAACAACCGGTAGTTTGATTCACGAAAACTAAGAAACAAACTAGGATTAGATACCCTTGTAGTC","d__Bacteria",NA,NA,NA,NA,NA,NA
"CCTACGGGGGGCTGCAGATAAGGGGTCACAGCCATGAGGATTGCTGGCTGTTGTGACAGAGTTTCCAGGAAACTCCACAATCTTTTTAGACCATGCTAATGGCTTTAGGGGCCTGGGTCAGGCTGCAACCACTGAATAGGCATCCAGTCTGCTTGATTCAAGCCCAACAGTATTGGCCTGCATCACCGATACAGGACATCACCCAAGCGTTCAGCCCCTAAGGATTAGATACCCTTGTAGTCTATGCAGT","d__Bacteria","p__Patescibacteria",NA,NA,NA,NA,NA
"CCTACGGGGGGCAGCAGAATGGCTCAGTAGGTGTTCCTGCTCAATATAAAGAATACAAGTACATACAGGACATTGTTAGAGGGAACTTGAGAAAATATTTTTCTTTTCTTTTCTTTTCCTTTCTTTTCTTTTTTCTTTCTTTTTTTTAGCACTATAGCTCTCACAGTCCTCTAACTCTCATGGCCAACACTGGCTGGAGGGGGTTTGGGTATTGTAGTGCAAATTCTGTTGTTAGGCCATTAGAACATTAAATCACTATTGTGACATCCTATCGATGCACCATGAGAAGAATTGACCAAGCATTCCCCTGTTCACTTATGCAGTGGAGGAATTCTCTGCAAGAATTCATGTAACTATTCCCATACATTCATAATCAGTTTAGCAGTACAAAATAACTCATGTGGATTAGATACCCGTGTAGTC","d__Bacteria","p__Pseudomonadota",NA,NA,NA,NA,NA
"CCTACGGGGGGCTGCAGTACAGGACTAGAGCTACAAGGTAGGCATTTTACAGCGCAGTCACCCAACAGTTTAAAGCAATGTCCCAGATTTCTGACATGTACATTTTAGTGCATAAAAAACAGCCAAGAAAACTATTGCATTTTGCCATTCTTTGTCTTGTTTTTTGTTTTGTCCCATCTATCCATCCAGTGCATCCATCAATTTATTTATATCCCACCTTTCTCCCAGACTGGGATTAGATACCCTTGTAGTC","d__Bacteria",NA,NA,NA,NA,NA,NA
"CCTACGGGGGGCTGCAGCCGCGGTAATACGTAGGGTGCGAGCGTTAATCGGAATTACTGGGCGTAAAGCGTGCGCAGGCGGTTATGTAAGACAGATGTGAAATCCCCGGGCTCAACCTGGGAACTGCATTAGTGACTGCATAGCTGGAGTACGGCAGAGGGGGATGGAATTCCGCGTGTAGCAGTGAAATGCGTAGATATGCGGAGGAACACCGATGGCGAAGGCAATCCCCTGGGCCTGTACTGACGCTCATGCACGAAAGCGTGGGGAGCAAACAGGATTAGATACCCCAGTAGTC","d__Bacteria","p__Pseudomonadota","c__Gammaproteobacteria","o__Burkholderiales","f__Burkholderiaceae_A_595421",NA,NA
"CCTACGGGGGGCAGCAGGTTTTTTTCCCCTCTGATGTACCTGGGAATTGTTCCATATCTGTACAAATGGCTACAGTGTTTTCTTTCTTTCCCAGAAGCTTATCAGCCAATGATAGCCAGTGGCCTGGGGAACACCAGTTCATGGACCATCATTTTAAGTAGCATTGATCGAAGGGGGCAGTCTTTCAGCATTCAGATTTATTTCTTCCTTGTGATATAGGATTAGATACCCGTGTAGTCCTCCTTACCTG","d__Bacteria",NA,NA,NA,NA,NA,NA
"CCTACGGGGGGCAGCAGCCGTAAGTAAGTCCAGCAGAGCAGCAGCAACACCAGTCATTCCAAATATTTTTACTACTCCCTCAGAGTGTGGTGGAGTTTCCCTCTTTGGAAGTCTTTAAACATAAGCTGGATGGCCATTTGTCAGGGGTGCTTTGATTGTTTATTCCTGCATGTCAGGGGGTTGGATTAGATACCCCTGTAGTCCTCCTTACCTGTCTCTTATACACATCTCCGAGCCCACGAGACTAAGG","d__Bacteria","p__Patescibacteria",NA,NA,NA,NA,NA
"CCTACGGGGGGCTGCAGTACAGGCATTTTACCACTGCGTCAACAGGGCTCATGTCTCTTATATAAAATAGCAAAATCAAGGGCTGTTTTTTGAAATATTTTTTAAAATATGTTCAAGTTGTGGATGTTTGACTCATGGATGCAGAATCCATAGATGAAGAGGGCTGATTTGTCTGCACTTGGGGGGGAAATCCAAATGGACTCTCCATCTGTTCTGCCCTGCAGCAGTAGTTCTCAAATGGTAGGATTAGATACCCGTGTAGTC","d__Bacteria",NA,NA,NA,NA,NA,NA
"CCTACGGGGGGCTGCAGCCGCGGTAATACGTAGGGTGCGAGCGTTAATCGGAATTACTGGGCGTAAAGCGTGCGCAGGCGGTTATGTAAGACAGATGTGAAATCCCCGGGCTCAACCTGGGAACTGCATTAGTGACTGCATAGCTGGAGTACGGCAGAGGGGGATGGAATTCCGCGTGTAGCAGTGAAATGCGTAGATATGCGGAGGAACACCGATGGCGAAGGCAATCCCCTGGGCCTGTACTGACGCTCATGCACGAAAGCGTGGGGAGCAAACAGGATTAGATACCCCTGTAGTC","d__Bacteria","p__Pseudomonadota","c__Gammaproteobacteria","o__Burkholderiales","f__Burkholderiaceae_A_595421",NA,NA
"CCTACGGGGGGCAGCAGCCGCGGTAATACGAAGGGTGCAAGCGTTACTCGGAATTACTGGGCGTAAAGCGTGCGTAGGTGGTCGTTTAAGTCCGTTGTGAAAGCCCTGGGCTCAACCTGGGAACTGCAGTGGATACTGGGCGACTAGAATGTGGTAGAGGGTAGCGGAATTCCTGGTGTAGCAGTGAAATGCGTAGAGATCAGGAGGAACATCCATGGCGAAGGCAGCTACCTGGACCAACATTGACACTGAGGCACGAAAGCGTGGGGAGCAAACAGGATTAGATACCCGTGTAGTC","d__Bacteria","p__Pseudomonadota","c__Gammaproteobacteria","o__Xanthomonadales","f__Xanthomonadaceae","g__Stenotrophomonas_A_615274",NA
"CCTACGGGGGGCTGCAGCCGCGGTAATACGTAGGGTGCGAGCGTTAATCGGAATTACTGGGCGTAAAGCGTGCGCAGGCGGTTATGTAAGACAGATGTGAAATCCCCGGGCTCAACCTGGGAACTGCATTAGTGACTGCATAGCTGGAGTACGGCAGAGGGGGATGGAATTCCGCGTGTAGCAGTGAAATGCGTAGATATGCGGAGGAACACCGATGGCGAAGGCAATCCCCTGGGCCTGTACTGACGCTCATGCACGAAAGCGTGGGGAGCAAACAGGATTAGATACCCGGGTAGTC","d__Bacteria","p__Pseudomonadota","c__Gammaproteobacteria","o__Burkholderiales","f__Burkholderiaceae_A_595421",NA,NA
"CCTACGGGGGGCAGCAGCCGCGGTAATACGGAGGGTGCAAGCGTTACTCGGAATCACTGGGCGTAAAGAGCGCGTAGGCGGGGTAATAAGTCAGATGTGAAATCCTGTAGCTTAACTGCAGAACTGCATTTGAAACTGTTACTCTAGAGTGTGGGAGAGGTAGGTGGAATTCTTGGTGTAGGGGTAAAATCCGTAGAGATCAAGAGGAATACTCATTGCGAAGGCGACCTGCTGGAACATAACTGACGCTGATGCGCGAAAGCGTGGGGAGCAAACAGGATTAGATACCCTTGTAGTC","d__Bacteria","p__Campylobacterota_A","c__Campylobacteria","o__Campylobacterales","f__Helicobacteraceae",NA,NA
"CCTACGGGGGGCTGCAGCCTGAAGAAGGTTTAGGGACCACTGTTATAGTATGTAAGTTTCCATGAATTCCATAAATATCTCTCAAGCTGACCCACAACATAGCCTCATTTATTTCCACAGACTATGATTCTGGAGACCAGGGTTCAAATCCAGGCTTGTTTTAGTGGGTGACCTTGGGCAAGTCACAATCTCTCAGCCTAAAAGGACACCAATGGCAAACCCCCTCTAAAGACACTTGCCAAGAAAACCCCATGATAGGATAGCGTTAGGGTCATCATAAGTCAGAAACACAACAACAACAAAGAGACTACAGCCTGGGCTGGGGAAAGGGGATCTCCTATCTCCATTTATAACTTTTATTTTACCCCATTATGCCTGAATAGGATTAGATACCCTTGTAGTC","d__Bacteria",NA,NA,NA,NA,NA,NA
"CCTACGGGGGGCAGCAGCCGCGGTAATACGTAGGGTCCAAGCGTTAATCGGAATTACTGGGCGTAAAGCGTGCGCAGGCGGTTGTGCAAGACCGATGTGAAATCCCCGAGCTTAACTTGGGAATTGCATTGGTGACTGCACGGCTAGAGTGTGTCAGAGGGGGGTAGAATTCCACGTGTAGCAGTGAAATGCGTAGAGATGTGGAGGAATACCGATGGCGAAGGCAGCCCCCTGGGATAACACTGACGCTCATGCACGAAAGCGTGGGGAGCAAACAGGATTAGATACCCCTGTAGTC","d__Bacteria","p__Pseudomonadota","c__Gammaproteobacteria","o__Burkholderiales","f__Burkholderiaceae_A_595421","g__Ralstonia","s__mannitolilytica"
"GATGTGTATAAGAGACAGCGTACTAGCCTACGGGGGGCAGCAGTACAGGCATTTAACCACTGTAACTTTACACAATGCAATACACTCCAGATTTTTAGTGTTGTTCTGACTTCTAAGTTATCCAGAGTACTGAACTTTGTCCCTAAAATAGGTCCAGCACCTTGGGAATCCCCTTTTAAGGATTAGATACCCTTGTAGTCTCTACTCTCTGTCTCTTATACACATCTCCGAGCCCACGAGACTAAGGCGAATCTCGTATGCCGTCTTCTGCTTGAA","d__Bacteria",NA,NA,NA,NA,NA,NA
"CCTACGGGGGGCTGCAGCTGCTAGCTAGGACAATTCTTGTGTACCCCACCATCTCTTTGGACACAATGGTTGTGCATATGCATGTGGCACATGCAGAGGATTTGTGGAGAGAAGGGTCTTTTATCCTGCATCTGTCTTTTGGAGAAGAAAAGATGCTACTTAGGGCGTGCATCAGCTTCTTTAGGACAAACTAGTCATGATATGTGAACTTTCATTGTTGACTTCTTTAGATGAAAAGTACGAGCCTGGTATAGAGGTTTGAGTGTTGGATTAGATACCCTTGTAGTC","d__Bacteria",NA,NA,NA,NA,NA,NA
"CCTACGGGGGGCAGCAGCCGCGGTAATACGTAGGGTCCAAGCGTTAATCGGAATTACTGGGCGTAAAGCGTGCGCAGGCGGTTGTGCAAGACCGATGTGAAATCCCCGAGCTTAACTTGGGAATTGCATTGGTGACTGCACGGCTAGAGTGTGTCAGAGGGGGGTAGAATTCCACGTGTAGCAGTGAAATGCGTAGAGATGTGGAGGAATACCGATGGCGAAGGCAGCCCCCTGGGATAACACTGACGCTCATGCACGAAAGCGTGGGGAGCAAACAGGATTAGATACCCTGGTAGTC","d__Bacteria","p__Pseudomonadota","c__Gammaproteobacteria","o__Burkholderiales","f__Burkholderiaceae_A_595421","g__Ralstonia","s__mannitolilytica"
"CCTACGGGGGGCAGCAGCCGTAAGTAAGTCCAGCAGAGCAGCAGCAACACCAGTCATTCCAAATATTTTTACTACTCCCTCAGAGTGTGGTGGAGTTTCCCTCTTTGGAAGTCTTTAAACATAAGCTGGATGGCCATTTGTCAGGGGTGCTTTGATTGTTTATTCCTGCATGTCAGGGGGTTGGATTAGATACCCTTGTAGTCAGAGGATACTGTCTCTTATACACATCTCCGAGCCCACGAGACCGTAC","d__Bacteria","p__Patescibacteria",NA,NA,NA,NA,NA
"CCTACGGGGGGCTGCAGGTTAGAATTAGGTTTTGAAACAGAACCTTGCCTTGAATTTCTTGAAGAGGAAGCCCACAGTCCTGTTACAGTCATTACTGAAGACTTTGCAGTATGGACGGCGAGGGATCTGCTGCAGTCACCTGCAACTCTTGTGGAATGTTTGTCTTCTTGCCTACAGAAGTGGAGAATTTCACATGCACCAAGTGCAAGTTGGTAGCTCTCTTGGAGGAGAAAGTGCAGCAGTTGGAGTCCAGAGTAGCTACACTTCACCATATTAGGGATCAAGAGGATTTCCTGGACACAGCAGAACTAATGATCTTGGATTAGATACCCGTGTAGTC","d__Bacteria",NA,NA,NA,NA,NA,NA
"CCTACGGGGGGCTGCAGCCGCGGTAATACGTAGGGTGCGAGCGTTAATCGGAATTACTGGGCGTAAAGCGTGCGCAGGCGGTTATGTAAGACAGATGTGAAATCCCCGGGCTCAACCTGGGAACTGCATTAGTGACTGCATAGCTGGAGTACGGCAGAGGGGGATGGAATTCCGCGTGTAGCAGTGAAATGCGTAGATATGCGGAGGAACACCGATGGCGAAGGCAATCCCCTGGGCCTGTACTGACGCTCATGCACGAAAGCGTGGGGAGCAAACAGGATTAGATACCCCGGTAGTC","d__Bacteria","p__Pseudomonadota","c__Gammaproteobacteria","o__Burkholderiales","f__Burkholderiaceae_A_595421",NA,NA
"CCTACGGGGGGCAGCAGCCGCGGTAATACGAAGGGTGCAAGCGTTACTCGGAATTACTGGGCGTAAAGCGTGCGTAGGTGGTCGTTTAAGTCCGTTGTGAAAGCCCTGGGCTCAACCTGGGAACTGCAGTGGATACTGGGCGACTAGAATGTGGTAGAGGGTAGCGGAATTCCTGGTGTAGCAGTGAAATGCGTAGAGATCAGGAGGAACATCCATGGCGAAGGCAGCTACCTGGACCAACATTGACACTGAGGCACGAAAGCGTGGGGAGCAAACAGGATTAGATACCCTTGTAGTC","d__Bacteria","p__Pseudomonadota","c__Gammaproteobacteria","o__Xanthomonadales","f__Xanthomonadaceae","g__Stenotrophomonas_A_615274",NA
"CCTACGGGGGGCAGCAGCCGCGGTAATACGGAGGGTGCAAGCGTTACTCGGAATCACTGGGCGTAAAGAGCGCGTAGGCGGGGTAATAAGTCAGATGTGAAATCCTGTAGCTTAACTGCAGAACTGCATTTGAAACTGTTACTCTAGAGTGTGGGAGAGGTAGGTGGAATTCTTGGTGTAGGGGTAAAATCCGTAGAGATCAAGAGGAATACTCATTGCGAAGGCGACCTGCTGGAACATAACTGACGCTGATGCGCGAAAGCGTGGGGAGCAAACAGGATTAGATACCCGAGTAGTC","d__Bacteria","p__Campylobacterota_A","c__Campylobacteria","o__Campylobacterales","f__Helicobacteraceae",NA,NA
"CCTACGGGGGGCAGCAGCCGCGGTAATACGGAGGGTGCAAGCGTTACTCGGAATCACTGGGCGTAAAGAGCGCGTAGGCGGGGTAATAAGTCAGATGTGAAATCCTGTAGCTTAACTGCAGAACTGCATTTGAAACTGTTACTCTAGAGTGTGGGAGAGGTAGGTGGAATTCTTGGTGTAGGGGTAAAATCCGTAGAGATCAAGAGGAATACTCATTGCGAAGGCGACCTGCTGGAACATAACTGACGCTGATGCGCGAAAGCGTGGGGAGCAAACAGGATTAGATACCCTGGTAGTC","d__Bacteria","p__Campylobacterota_A","c__Campylobacteria","o__Campylobacterales","f__Helicobacteraceae",NA,NA
"CCTACGGGGGGCTGCAGAATGGCTCAATAGGTGTTCCTGCTCAATATAAAGAATACAAGTACATACAGGACATTGTTAGAGGGAACTTGAGAAAATATTTTTCTTTTCTTTTCCTTTCTTTTCTTTTCTTTTCTCTTTCTTTTTTTTAGCACTATAGCTCTCACAGTCCTCTAGCTCTCATGGCCAACACTGGCTGGAGGGGGTTTGGGTATTGTAGTGCAAATTCTGTTGTTAGGCCATTAGAACATTAAATCACTATTGTGACATCCTATCGATGCACCATGAGAAGAATTGACCAAGCATTCCCCTGTTCACTTATGCAGTGGAGGAATTCTCTGCAAGAATTCATGTAACTATTCCCATACATTCATAATCAGTTTAGCAGTACAAAATAACTCATGTGGATTAGATACCCGTGTAGTC","d__Bacteria","p__Pseudomonadota",NA,NA,NA,NA,NA
"CCTACGGGGGGCTGCAGCCTGAGAGCAGATGGCTTGCCCTGGGTCACCCAACTGGTTTTCATGTCTGAGAGTAGGACTTGAACCCAGATCTCGTAAAGTCCAGCATTCAAAGCACTACAGTATAATGGCTTCATTAGTCACTTTGCCCACTTTTTATTTTGATGCTTAAAATTTATTTCTAAATGCTCAGCTGACATTTTAAGTTACTGCAGTTCTAGTGTGAGTTCCTGCATGGCAGAATGGGGTTGGATTAGATACCCTGGTAGTC","d__Bacteria",NA,NA,NA,NA,NA,NA
"CCTACGGGGGGCAGCAGCCGCGGTAATACGGAGGGTGCAAGCGTTACTCGGAATCACTGGGCGTAAAGAGCGCGTAGGCGGGGTAATAAGTCAGATGTGAAATCCTGTAGCTTAACTGCAGAACTGCATTTGAAACTGTTACTCTAGAGTGTGGGAGAGGTAGGTGGAATTCTTGGTGTAGGGGTAAAATCCGTAGAGATCAAGAGGAATACTCATTGCGAAGGCGACCTGCTGGAACATAACTGACGCTGATGCGCGAAAGCGTGGGGAGCAAACAGGATTAGATACCCTAGTAGTC","d__Bacteria","p__Campylobacterota_A","c__Campylobacteria","o__Campylobacterales","f__Helicobacteraceae",NA,NA
"CCTACGGGGGGCAGCAGTGATAAACCTTAAGCAATAAGCGAATACACCTAATTTAAAGCTTGACTTAGTTATGATTAACAGGGCCGGTAAACCTCGTGCCAGCCACCGCGGTTATACGAGGGGCCCAAAGCAGTAGACCCCGGCGTAAATAGTGGCTAGAACACCAACCAATAAGTTAAAAATTAAACCATATCCTAACCGTAAAACATCAGGCTAGATGAAACCAAGCATTTTTAACAACCGGTAGTTTGATTCACGAAAACTAAGAAACAAACTAGGATTAGATACCCGTGTAGTC","d__Bacteria",NA,NA,NA,NA,NA,NA
"CCTACGGGGGGCAGCAGTACAGGCATTTAACCACTGCGCCACCAGGGCTCCTAAAATACCAGATTTAAAATACCAGAAGAGAGGTTACCTAATTCCTTCCTGAAAATAAGAGCCGTTCGACAATGGAATGGATTGCCTCAGAAGGTGGTAGACTATTTTTCTTTGGCAACCTTTAAACAAAGGCCAGGCTGGATGGCAATTTCTCCAAAGTTTCTTTACTTGTGTATTCCTTCATGACAGTTGTTGGATTAGATACCCTAGTAGTC","d__Bacteria",NA,NA,NA,NA,NA,NA
"CCTACGGGGGGCTGCAGGTCGGACAGTGCGGCAATCAGATTGGACAGGAATGGTGGCAAATCATTACCAGTGCAAATAAAAAAGAAACTGACATGTAAGTCCACGTCTCCATCCCCTCAGCCGATTATCTGCTCCATTTTAATGATTACCTAGAAACCTGGCAAGATGCAGTCTATAGTCATGTCACCTCCCCACAGTTATTGCACTTTATAACAGGATGAGGTCTAAAGTCCTTTGTTGTTGTTAACTGCCTTTGCATCGATCTCGACCCATGGCGACCCTGTGGATTAGATACCCGAGTAGTC","d__Bacteria",NA,NA,NA,NA,NA,NA
"CCTACGGGGGGCAGCAGCCTCAATTAAATCAGTGGTGGGGACAGAAGAGGAATGTGTTCTTCCTCATTGATAATTCTTGCCATCTTGACCACATTCTGATGTTGTTTGTCCACATATTGTATTGGTTTTCATCTGTGAAATGTTGGAGGGTAATCCAATGATATATTCTGTCAATGGCATATAGGATTAGATACCCGTGTAGTCCTCCTTACCTGTCTCTTATACACATCTCCGAGCCCACGAGACTAAG","d__Bacteria",NA,NA,NA,NA,NA,NA
"CCTACGGGGGGCAGCAGTGATAAACCTTAAGCAATAAGCGAATACACCTAATTTAAAGCTTGACTTAGTTATGATTAACAGGGCCGGTAAACCTCGTGCCAGCCACCGCGGTTATACGAGGGGCCCAAAGCAGTAGACCCCGGCGTAAATAGTGGCTAGAACACCAACCAATAAGTTAAAAATTAAACCATATCCTAACCGTAAAACATCAGGCTAGATGAAACCAAGCATTTTTAACAACCGGTAGTTTGATTCACGAAAACTAAGAAACAAACTAGGATTAGATACCCTAGTAGTC","d__Bacteria",NA,NA,NA,NA,NA,NA
"CCTACGGGGGGCAGCAGCCGCGGTAATACGGAGGGTGCAAGCGTTACTCGGAATCACTGGGCGTAAAGAGCGCGTAGGCGGGGTAATAAGTCAGATGTGAAATCCTGTAGCTTAACTGCAGAACTGCATTTGAAACTGTTACTCTAGAGTGTGGGAGAGGTAGGTGGAATTCTTGGTGTAGGGGTAAAATCCGTAGAGATCAAGAGGAATACTCATTGCGAAGGCGACCTGCTGGAACATAACTGACGCTGATGCGCGAAAGCGTGGGGAGCAAACAGGATTAGATACCCGTGTAGTC","d__Bacteria","p__Campylobacterota_A","c__Campylobacteria","o__Campylobacterales","f__Helicobacteraceae",NA,NA
"CCTACGGGGGGCTGCAGCCGTAAGTAAGTCCAGCAGAGCAGCAGCAACACCAGTCATTCCAAATATTTTTACTACTCCCTCAGAGTGTGGTGGAGTTTCCCTCTTTGGAAGTCTTTAAACATAAGCTGGATGGCCATTTGTCAGGGGTGCTTTGATTGTTTATTCCTGCATGTCAGGGGGTTGGATTAGATACCCCAGTAGTCTCTACTCTCTGTCTCTTATACACATCTCCGAGCCCACGAGACCGTAC","d__Bacteria","p__Patescibacteria",NA,NA,NA,NA,NA
"CCTACGGGGGGCAGCAGATAAGGGGTCACAGCCATGAGGATTGCTGGCTGTTGTGACAGAGTTTCCAGGAAACTCCACAATCTTTTTAGACCATGCTAATGGCTTTAGGGGCCTGGGTCAGGCTGCAACCACTGAATAGGCATCCAGTCTGCTTGATTCAAGCCCAACAGTATTGGCCTGCATCACCGATACAGGACATCACCCAAGCGTTCAGCCCCTAAGGATTAGATACCCTGGTAGTCAGGCTTAG","d__Bacteria",NA,NA,NA,NA,NA,NA
"CCTACGGGGGGCAGCAGCCGCGGTAATACGGAGGGTGCAAGCGTTACTCGGAATCACTGGGCGTAAAGAGCGCGTAGGCGGGGTAATAAGTCAGATGTGAAATCCTGTAGCTTAACTGCAGAACTGCATTTGAAACTGTTACTCTAGAGTGTGGGAGAGGTAGGTGGAATTCTTGGTGTAGGGGTAAAATCCGTAGAGATCAAGAGGAATACTCATTGCGAAGGCGACCTGCTGGAACATAACTGACGCTGATGCGCGAAAGCGTGGGGAGCAAACAGGATTAGATACCCCAGTAGTC","d__Bacteria","p__Campylobacterota_A","c__Campylobacteria","o__Campylobacterales","f__Helicobacteraceae",NA,NA
"CCTACGGGGGGCAGCAGCCGCGGTAATACGGAGGGTGCAAGCGTTACTCGGAATCACTGGGCGTAAAGAGCGCGTAGGCGGGGTAATAAGTCAGATGTGAAATCCTGTAGCTTAACTGCAGAACTGCATTTGAAACTGTTACTCTAGAGTGTGGGAGAGGTAGGTGGAATTCTTGGTGTAGGGGTAAAATCCGTAGAGATCAAGAGGAATACTCATTGCGAAGGCGACCTGCTGGAACATAACTGACGCTGATGCGCGAAAGCGTGGGGAGCAAACAGGATTAGATACCCGGGTAGTC","d__Bacteria","p__Campylobacterota_A","c__Campylobacteria","o__Campylobacterales","f__Helicobacteraceae",NA,NA
"CCTACGGGGGGCAGCAGCCGCGGTAATACGGAGGGTGCAAGCGTTACTCGGAATCACTGGGCGTAAAGAGCGCGTAGGCGGGGTAATAAGTCAGATGTGAAATCCTGTAGCTTAACTGCAGAACTGCATTTGAAACTGTTACTCTAGAGTGTGGGAGAGGTAGGTGGAATTCTTGGTGTAGGGGTAAAATCCGTAGAGATCAAGAGGAATACTCATTGCGAAGGCGACCTGCTGGAACATAACTGACGCTGATGCGCGAAAGCGTGGGGAGCAAACAGGATTAGATACCCCGGTAGTC","d__Bacteria","p__Campylobacterota_A","c__Campylobacteria","o__Campylobacterales","f__Helicobacteraceae",NA,NA
"CCTACGGGGGGCAGCAGTGGTGAGCCAAGAATAAGTATCATTCGTCAGGGAAGTACTTTATTGGAAACAGGAAAAGAGATTCCAGCTCAACATTAGGAAGAACTTCCTGAGAGTAAGGGCTGTTCGACAGGGGAACGCACTCCTTCCTCGGAGTCTAGTGGAGTCTCCTTCCTTGGATGGCCATCTGTCAATGGGGATGCTTTGACTGAGAGTTCCTCCATGGAAGAATAAAGGGGTTGGATTAGATACCCTTGTAGTC","d__Bacteria",NA,NA,NA,NA,NA,NA
"CCTACGGGGGGCTGCAGATAAGGGGTCACAGCCATGAGGATTGCTGGCTGTTGTGACAGAGTTTCCAGGAAACTCCACAATCTTTTTAGACCATGCTAATGGCTTTAGGGGCCTGGGTCAGGCTGCAACCACTGAATAGGCATCCAGTCTGCTTGATTCAAGCCCAACAGTATTGGCCTGCATCACCGATACAGGACATCACCCAAGCGTTCAACCCCTAAGGATTAGATACCCTGGTAGTCAGGCTTAG","d__Bacteria",NA,NA,NA,NA,NA,NA
"CCTACGGGGGGCAGCAGCCGCGGTAATACGAAGGGTGCAAGCGTTACTCGGAATTACTGGGCGTAAAGCGTGCGTAGGTGGTCGTTTAAGTCCGTTGTGAAAGCCCTGGGCTCAACCTGGGAACTGCAGTGGATACTGGGCGACTAGAATGTGGTAGAGGGTAGCGGAATTCCTGGTGTAGCAGTGAAATGCGTAGAGATCAGGAGGAACATCCATGGCGAAGGCAGCTACCTGGACCAACATTGACACTGAGGCACGAAAGCGTGGGGAGCAAACAGGATTAGATACCCGGGTAGTC","d__Bacteria","p__Pseudomonadota","c__Gammaproteobacteria","o__Xanthomonadales","f__Xanthomonadaceae","g__Stenotrophomonas_A_615274",NA
"CCTACGGGGGGCTGCAGCCGCGGTAATACGAAGGGTGCAAGCGTTACTCGGAATTACTGGGCGTAAAGCGTGCGTAGGTGGTCGTTTAAGTCCGTTGTGAAAGCCCTGGGCTCAACCTGGGAACTGCAGTGGATACTGGGCGACTAGAATGTGGTAGAGGGTAGCGGAATTCCTGGTGTAGCAGTGAAATGCGTAGAGATCAGGAGGAACATCCATGGCGAAGGCAGCTACCTGGACCAACATTGACACTGAGGCACGAAAGCGTGGGGAGCAAACAGGATTAGATACCCTGGTAGTC","d__Bacteria","p__Pseudomonadota","c__Gammaproteobacteria","o__Xanthomonadales","f__Xanthomonadaceae","g__Stenotrophomonas_A_615274",NA
"GATGTGTATAAGAGACAGTAAGGCGACCTACGGGGGGCTGCAGTACAGGCATTTAACCACAGTAACTTTACACAATGCAATACACTCCAGATTTTTAGTGTTGTTCTGACTTCTAAGTTATCCAGAGTACGGAACTTTGTCCCTAAAATAGGTCCAGCACCTTGGAAATCCCCTTTTAAGGATTAGATACCCCTGTAGTCAGGCTTAGCTGTCTCTTATACACATCTCCGAGCCCACGAGACCGTACTAGATCTCGTATGCCGTCTTCTGCTTGAA","d__Bacteria",NA,NA,NA,NA,NA,NA
"CCTACGGGGGGCAGCAGCCGCGGTAATACGTAGGGTCCAAGCGTTAATCGGAATTACTGGGCGTAAAGCGTGCGCAGGCGGTTGTGCAAGACCGATGTGAAATCCCCGAGCTTAACTTGGGAATTGCATTGGTGACTGCACGGCTAGAGTGTGTCAGAGGGGGGTAGAATTCCACGTGTAGCAGTGAAATGCGTAGAGATGTGGAGGAATACCGATGGCGAAGGCAGCCCCCTGGGATAACACTGACGCTCATGCACGAAAGCGTGGGGAGCAAACAGGATTAGATACCCCAGTAGTC","d__Bacteria","p__Pseudomonadota","c__Gammaproteobacteria","o__Burkholderiales","f__Burkholderiaceae_A_595421","g__Ralstonia","s__mannitolilytica"
"CCTACGGGGGGCAGCAGCCGCGGTAATACGAAGGGTGCAAGCGTTACTCGGAATTACTGGGCGTAAAGCGTGCGTAGGTGGTCGTTTAAGTCCGTTGTGAAAGCCCTGGGCTCAACCTGGGAACTGCAGTGGATACTGGGCGACTAGAATGTGGTAGAGGGTAGCGGAATTCCTGGTGTAGCAGTGAAATGCGTAGAGATCAGGAGGAACATCCATGGCGAAGGCAGCTACCTGGACCAACATTGACACTGAGGCACGAAAGCGTGGGGAGCAAACAGGATTAGATACCCCTGTAGTC","d__Bacteria","p__Pseudomonadota","c__Gammaproteobacteria","o__Xanthomonadales","f__Xanthomonadaceae","g__Stenotrophomonas_A_615274",NA
"CCTACGGGGGGCAGCAGCCGCGGTAATACGAAGGGTGCAAGCGTTACTCGGAATTACTGGGCGTAAAGCGTGCGTAGGTGGTCGTTTAAGTCCGTTGTGAAAGCCCTGGGCTCAACCTGGGAACTGCAGTGGATACTGGGCGACTAGAATGTGGTAGAGGGTAGCGGAATTCCTGGTGTAGCAGTGAAATGCGTAGAGATCAGGAGGAACATCCATGGCGAAGGCAGCTACCTGGACCAACATTGACACTGAGGCACGAAAGCGTGGGGAGCAAACAGGATTAGATACCCTGGTAGTC","d__Bacteria","p__Pseudomonadota","c__Gammaproteobacteria","o__Xanthomonadales","f__Xanthomonadaceae","g__Stenotrophomonas_A_615274",NA
"CCTACGGGGGGCTGCAGCCGCGGTAATACGAAGGGTGCAAGCGTTACTCGGAATTACTGGGCGTAAAGCGTGCGTAGGTGGTCGTTTAAGTCCGTTGTGAAAGCCCTGGGCTCAACCTGGGAACTGCAGTGGATACTGGGCGACTAGAATGTGGTAGAGGGTAGCGGAATTCCTGGTGTAGCAGTGAAATGCGTAGAGATCAGGAGGAACATCCATGGCGAAGGCAGCTACCTGGACCAACATTGACACTGAGGCACGAAAGCGTGGGGAGCAAACAGGATTAGATACCCTTGTAGTC","d__Bacteria","p__Pseudomonadota","c__Gammaproteobacteria","o__Xanthomonadales","f__Xanthomonadaceae","g__Stenotrophomonas_A_615274",NA
"ATAAGAGACAGCGTACTAGCCTACGGGGGGCAGCAGTAGAAGATGAAAACAGATCTGGGATTCGGGGATGTGATCTTCTGAAAGGGAGTGATGAGAGTGAATTGTTATCTTCAAGAAATCCATCCCCATCACAGGGACCCGGTCAGTTCCTACAACAAATACTAGATGGCAAGAGAAAAGGATTAGATACCCTAGTAGTCAGAGGATACTGTCTCTTATACACATCTCCGAGCCCACGAGACCGTACTAGATCTCGTATGCCGTCTTCT","d__Bacteria",NA,NA,NA,NA,NA,NA
"CCTACGGGGGGCAGCAGTTTTTTCTCTCTGATGTACCTGGGAATTGTTCCATATCTGTACAAATGGCTACAGTGTTTTCTTTCTTTCCCAGAAGCTTATCAGCCAATGATAGCCAGTGGCCTGGGGAACACCAGTTCATGGACCATCATTTTAAGTAGCATTGATCTAAGGGGCAGTCTTTCAGCATTCAGATTTATTTCTTCCTTGTGATATAGGATTAGATACCCGTGTAGTCCTCCTTACCTGTCTC","d__Bacteria",NA,NA,NA,NA,NA,NA
"CCTACGGGGGGCTGCAGCCGCGGTAATACGAAGGGTGCAAGCGTTACTCGGAATTACTGGGCGTAAAGCGTGCGTAGGTGGTCGTTTAAGTCCGTTGTGAAAGCCCTGGGCTCAACCTGGGAACTGCAGTGGATACTGGGCGACTAGAATGTGGTAGAGGGTAGCGGAATTCCTGGTGTAGCAGTGAAATGCGTAGAGATCAGGAGGAACATCCATGGCGAAGGCAGCTACCTGGACCAACATTGACACTGAGGCACGAAAGCGTGGGGAGCAAACAGGATTAGATACCCTAGTAGTC","d__Bacteria","p__Pseudomonadota","c__Gammaproteobacteria","o__Xanthomonadales","f__Xanthomonadaceae","g__Stenotrophomonas_A_615274",NA
"CCTACGGGGGGCTGCAGCCGCGGTAATACGAAGGGTGCAAGCGTTACTCGGAATTACTGGGCGTAAAGCGTGCGTAGGTGGTCGTTTAAGTCCGTTGTGAAAGCCCTGGGCTCAACCTGGGAACTGCAGTGGATACTGGGCGACTAGAATGTGGTAGAGGGTAGCGGAATTCCTGGTGTAGCAGTGAAATGCGTAGAGATCAGGAGGAACATCCATGGCGAAGGCAGCTACCTGGACCAACATTGACACTGAGGCACGAAAGCGTGGGGAGCAAACAGGATTAGATACCCGAGTAGTC","d__Bacteria","p__Pseudomonadota","c__Gammaproteobacteria","o__Xanthomonadales","f__Xanthomonadaceae","g__Stenotrophomonas_A_615274",NA
"CCTACGGGGGGCAGCAGAATGGCTCAATAGGTTTTCCTGCTCAATATAAAGAATACAAGTACATACAGGACATTGTTAGAGAGAACTTGAGGGGGAAAAAATTCCTTTCTTTTCTTTTCTTTTTTCTTTCTTTCTTTTTAGCACTATAGCTCTCACAGTCCTCTAGCTCTCATGGCCAACACTGGCTGGAGGGGGTTTGGGTATTGTAGTGCAAATTCTGTTGTTAGGCCATTAGAACATTAAATCACTATTGTGACATCCTATCCATGCACCATGAGAAGAATTGACCAAGCATTCCCCTGTTCGCTTATGCAGTGGATGAATTCTCTGCAAGGATTCATGTAACTATTCCCATGCATTCATAATTAGTTTAGCAGTACAAAATAACTCATGTGGATTAGATACCCGTGTAGTC","d__Bacteria","p__Pseudomonadota","c__Alphaproteobacteria","o__Rickettsiales","f__Mitochondria",NA,NA
"CCTACGGGGGGCTGCAGGACTGTAACTCCTATCAGCTCCATTCCACAACATCAATGGTGAAGGACCACAGGAGCTACATTCCAATAAGATTTAGAAGGTTACTGATTTTTCTAGCCCTCTGGCAGAAGCACCCTTTGCCCTGCTAAACCCAGTAAATCTACAAGGGCTGGCAACAGATGCTAAGGAGGGCTTTGTTTTGAGTGAGAAGATGGAGCCTGTCCAGACCAGCATACCCAAGTCCACACCTGCAAAGAGCAATACCTGTTAGAATCCAGTGATTCTATCAGAAATGTAGATATATAGATGGTGGGGATGATTGATGTTAGAATGTTTTGCAATGCTGGGGATTAGATACCCGTGTAGTC","d__Bacteria",NA,NA,NA,NA,NA,NA
"CCTACGGGGGGCAGCAGCCGCGGTAATACAGAGGGTGCAAGCGTTAATCGGAATTACTGGGCGTAAAGCGCGCGTAGGTGGTTTGTTAAGTTGGATGTGAAATCCCCGGGCTCAACCTGGGAACTGCATTCAAAACTGACTGACTAGAGTATGGTAGAGGGTGGTGGAATTTCCTGTGTAGCGGTGAAATGCGTAGATATAGGAAGGAACACCAGTGGCGAAGGCGACCACCTGGACTAATACTGACACTGAGGTGCGAAAGCGTGGGGAGCAAACAGGATTAGATACCCCTGTAGTC","d__Bacteria","p__Pseudomonadota","c__Gammaproteobacteria","o__Pseudomonadales_A_650611","f__Pseudomonadaceae","g__Pseudomonas_E_647464",NA
"CCTACGGGGGGCAGCAGCCGCGGTAATACAGAGGGTGCAAGCGTTAATCGGAATTACTGGGCGTAAAGCGCGCGTAGGTGGTTTGTTAAGTTGGATGTGAAATCCCCGGGCTCAACCTGGGAACTGCATTCAAAACTGACTGACTAGAGTATGGTAGAGGGTGGTGGAATTTCCTGTGTAGCGGTGAAATGCGTAGATATAGGAAGGAACACCAGTGGCGAAGGCGACCACCTGGACTAATACTGACACTGAGGTGCGAAAGCGTGGGGAGCAAACAGGATTAGATACCCGTGTAGTC","d__Bacteria","p__Pseudomonadota","c__Gammaproteobacteria","o__Pseudomonadales_A_650611","f__Pseudomonadaceae","g__Pseudomonas_E_647464",NA
"CCTACGGGGGGCAGCAGCCGCGGTAATACAGAGGGTGCAAGCGTTAATCGGAATTACTGGGCGTAAAGCGCGCGTAGGTGGTTTGTTAAGTTGGATGTGAAATCCCCGGGCTCAACCTGGGAACTGCATTCAAAACTGACTGACTAGAGTATGGTAGAGGGTGGTGGAATTTCCTGTGTAGCGGTGAAATGCGTAGATATAGGAAGGAACACCAGTGGCGAAGGCGACCACCTGGACTAATACTGACACTGAGGTGCGAAAGCGTGGGGAGCAAACAGGATTAGATACCCGAGTAGTC","d__Bacteria","p__Pseudomonadota","c__Gammaproteobacteria","o__Pseudomonadales_A_650611","f__Pseudomonadaceae","g__Pseudomonas_E_647464",NA
"CCTACGGGGGGCAGCAGCCGCGGTAATACAGAGGGTGCAAGCGTTAATCGGAATTACTGGGCGTAAAGCGCGCGTAGGTGGTTTGTTAAGTTGGATGTGAAATCCCCGGGCTCAACCTGGGAACTGCATTCAAAACTGACTGACTAGAGTATGGTAGAGGGTGGTGGAATTTCCTGTGTAGCGGTGAAATGCGTAGATATAGGAAGGAACACCAGTGGCGAAGGCGACCACCTGGACTAATACTGACACTGAGGTGCGAAAGCGTGGGGAGCAAACAGGATTAGATACCCTTGTAGTC","d__Bacteria","p__Pseudomonadota","c__Gammaproteobacteria","o__Pseudomonadales_A_650611","f__Pseudomonadaceae","g__Pseudomonas_E_647464",NA
"CCTACGGGGGGCAGCAGCCGCGGTAATACGGGGGGTGCTAGCGTTACTCGGAATCACTGGGCGTAAAGAGTGCGCAGGCGGTCCTGTAAGTCAGATGTGAAATCCTGTGGCTTAACCACAGAACTGCATTTGAAACTGCAAGACTAGAGCGTGGAAGAGGTAGGTGGAATTCTTGGTGTAGGGGTAAAATCCGTAGAGATCAAGAGGAATACTCATTGCGAAGGCGACCTACTGGGACACTGCTGACGCTCATGCACGAAAGCGCGGGGAGCAAACAGGATTAGATACCCGTGTAGTC","d__Bacteria","p__Campylobacterota_A","c__Campylobacteria","o__Campylobacterales","f__Helicobacteraceae",NA,NA
"CCTACGGGGGGCTGCAGGAGGGACGGAGGGAGGGTGGGCAGTCCACTGCCTCCCTCCGAAGCCCTTCCATACATCTACAGCCTCTGGAGGCCAGAGACGTGGCAGTACTTACCACTCCTTGTGAATCTGGCCACCGTTGTTCATGTCATTTCTGACTTATGGTGATTCCTATCATAGGGGTTTTGTGGCATGATTTCCTGTTGCCTTCCACTGAGGCTGAGAGAGTGTGACCTGCCCAAGGTTACCCAGTAGGTTTCCATGGCCCAGTACGGATTAGATACCCGGGTAGTC","d__Bacteria",NA,NA,NA,NA,NA,NA
"AGAACCTACGGGGGGCAGCAGTACAGGCATTTAACCACTGTGCCACCAGGGCTCCTCTGGTGTGTGCTGTGTGGATTTGAGAGATGGGTGTCCCTCTGTTCAGTTTCCCCACAGTGTGTTTTAAAGTCTATCTTTTTCCAATTTTCCTACTCTCTGTAAGTATTTTCTGGCTATTCTCTGGATTAGATACCCCAGTAGTCCTCCTTACCTGTCTCTTATACACATCTCCGAGCCCACGAGACTAAGGCGAATCT","d__Bacteria",NA,NA,NA,NA,NA,NA
"CCTACGGGGGGCTGCAGCCGCGGTAATACGGAGGGTGCAAGCGTTACTCGGAATCACTGGGCGTAAAGAGCGCGTAGGCGGGGTAATAAGTCAGATGTGAAATCCTGTAGCTTAACTGCAGAACTGCATTTGAAACTGTTACTCTAGAGTGTGGGAGAGGTAGGTGGAATTCTTGGTGTAGGGGTAAAATCCGTAGAGATCAAGAGGAATACTCATTGCGAAGGCGACCTGCTGGAACATAACTGACGCTGATGCGCGAAAGCGTGGGGAGCAAACAGGATTAGATACCCGGGTAGTC","d__Bacteria","p__Campylobacterota_A","c__Campylobacteria","o__Campylobacterales","f__Helicobacteraceae",NA,NA
"CCTACGGGGGGCTGCAGTGGCCGAAGTGTTGGCGGGAGGCCAGAGGGTGGTAAATGGCCGAGAGGAAGAGGCGGCGTTGAGGAGGACCAGGAGGTGGCGCTGCTGCTCCCGCAGCTGATCTTCCATGGCCTGCGGGAGAGAGAGGGGGCAAAAAGCAAAGATTAGAGTTAGAGTTAGGGTTATGGTTAGAGTTAGGATTAGATACCCTGGTAGTCAGAGGATACTGTCTCTTATACACATCTCCGAGCCC",NA,NA,NA,NA,NA,NA,NA
"CGTCAGATGTGTATAAGAGACAGCGTACTAGCCTACGGGGGGCAGCAGTACAGGCATTTAACCACTGTACCACCAGGGCTGGTCAATTTCCAATTAGTAATTAACTGATTTCTAATTAGCATGTCAGACAAGGCTCCATCTTATCACTCTGGTATGCTGAATGTATCATACATAAAGATGGATTAGATACCCTGGTAGTCAGAGGATACTGTCTCTTATACACATCTCCGAGCCCACGAGACCGTACTAGATCTCGTATGCCGTCTTCTGCTTGAAAAAAA","d__Bacteria",NA,NA,NA,NA,NA,NA
"CCTACGGGGGGCAGCAGCCGCGGTAATACGTAGGGTGCAAGCGTTAATCGGAATTACTGGGCGTAAAGCGTGCGCAGGCGGTGATGTAAGACAGTTGTGAAATCCCCGGGCTCAACCTGGGAACTGCATCTGTGACTGCATCGCTGGAGTACGGCAGAGGGGGATGGAATTCCGCGTGTAGCAGTGAAATGCGTAGATATGCGGAGGAACACCGATGGCGAAGGCAATCCCCTGGGCCTGTACTGACGCTCATGCACGAAAGCGTGGGGAGCAAACAGGATTAGATACCCCTGTAGTC","d__Bacteria","p__Pseudomonadota","c__Gammaproteobacteria","o__Burkholderiales","f__Burkholderiaceae_A_595421","g__Variovorax","s__gossypii"
"CCTACGGGGGGCTGCAGACACTCGGTGTTTTCGACATCTGGAAAGAACAGAGCATTTTAGTCCAAGAAGTGTTGTCTGGGTTGCAGAGTCTCTGCAAATGCAGTTAGATGACTAGAGTCAGTGTTGGGTCGGCCTTATTAGTAAGACTGAATTTTCAGTAAAGTGTACTTAGATATTATTGCTAATTGATGACATAGTTCCAGTTATGCTCTGGATCAAAGAACAGGTATATAATGTGCTGCATGCATAATGTATATAATGTACTGCAAAGCAATATTAGAAGTTAGGGTGAAATTTTATTTTTCAAAAATTGCTGGATTAGATACCCTTGTAGTC","d__Bacteria","p__Pseudomonadota","c__Alphaproteobacteria","o__Rickettsiales","f__Mitochondria",NA,NA
"CCTACGGGGGGCAGCAGTGTTTGTGTGTCTTGGAACAAAACCCCAATGGATAGGAGTGCTTACTGTAACACTAATCTGTCCTCTTTGAACCTGCACAAGTTGGGATTCACTGACAATGCTTTTAGCTCCCAAACCCTATATACTGATGTTATTGCTACCAAAAAAGCTGCCTTGAAAGATAATAACTTTAATGCAGAATGTTTTAATGGTTTGAAAAGTGACTTTGTTAAAACATTTAATACTAGAGTGAGATCTCATGTCAGAAATTATGAAGCGTAGGATTAGATACCCCAGTAGTC","d__Bacteria","p__Pseudomonadota","c__Alphaproteobacteria","o__Rickettsiales","f__Mitochondria",NA,NA
"CCTACGGGGGGCTGCAGCCGCGGTAATACGGAGGGTGCAAGCGTTACTCGGAATCACTGGGCGTAAAGAGCGCGTAGGCGGGGTAATAAGTCAGATGTGAAATCCTGTAGCTTAACTGCAGAACTGCATTTGAAACTGTTACTCTAGAGTGTGGGAGAGGTAGGTGGAATTCTTGGTGTAGGGGTAAAATCCGTAGAGATCAAGAGGAATACTCATTGCGAAGGCGACCTGCTGGAACATAACTGACGCTGATGCGCGAAAGCGTGGGGAGCAAACAGGATTAGATACCCTAGTAGTC","d__Bacteria","p__Campylobacterota_A","c__Campylobacteria","o__Campylobacterales","f__Helicobacteraceae",NA,NA
"CCTACGGGGGGCTGCAGCCGCGGTAATACGGAGGGTGCAAGCGTTACTCGGAATCACTGGGCGTAAAGAGCGCGTAGGCGGGGTAATAAGTCAGATGTGAAATCCTGTAGCTTAACTGCAGAACTGCATTTGAAACTGTTACTCTAGAGTGTGGGAGAGGTAGGTGGAATTCTTGGTGTAGGGGTAAAATCCGTAGAGATCAAGAGGAATACTCATTGCGAAGGCGACCTGCTGGAACATAACTGACGCTGATGCGCGAAAGCGTGGGGAGCAAACAGGATTAGATACCCGAGTAGTC","d__Bacteria","p__Campylobacterota_A","c__Campylobacteria","o__Campylobacterales","f__Helicobacteraceae",NA,NA
"CCTACGGGGGGCTGCAGCCGCGGTAATACGGAGGGTGCAAGCGTTACTCGGAATCACTGGGCGTAAAGAGCGCGTAGGCGGGGTAATAAGTCAGATGTGAAATCCTGTAGCTTAACTGCAGAACTGCATTTGAAACTGTTACTCTAGAGTGTGGGAGAGGTAGGTGGAATTCTTGGTGTAGGGGTAAAATCCGTAGAGATCAAGAGGAATACTCATTGCGAAGGCGACCTGCTGGAACATAACTGACGCTGATGCGCGAAAGCGTGGGGAGCAAACAGGATTAGATACCCTGGTAGTC","d__Bacteria","p__Campylobacterota_A","c__Campylobacteria","o__Campylobacterales","f__Helicobacteraceae",NA,NA
"CCTACGGGGGGCAGCAGCCGCGGTAATACGTAGGTGGCAAGCGTTGTCCGGATTTATTGGGCGTAAAGCGAGCGCAGGCGGTTTCTTAAGTCTGATGTGAAAGCCCCCGGCTCAACCGGGGAGGGTCATTGGAAACTGGGAGACTTGAGTGCAGAAGAGGAGAGTGGAATTCCATGTGTAGCGGTGAAATGCGTAGATATATGGAGGAACACCAGTGGCGAAGGCGGCTCTCTGGTCTGTAACTGACGCTGAGGCTCGAAAGCGTGGGGAGCAAACAGGATTAGATACCCGTGTAGTC","d__Bacteria","p__Bacillota_I","c__Bacilli_A","o__Lactobacillales","f__Enterococcaceae",NA,NA
"GATGTGTATAAGAGACAGAGGCAGAACCTACGGGGGGCTGCAGTACAGGCATTTAACCACAGTAACTTTACACAATGCAATACACTCCAGATTTTTAGTGTTGTTCTGACTTCTAAGTTATCCAGAGTACTGAACTTTGTCCCTAAAATAGGTCCAGCACCTTGGGAATCCCCTTTTAAGGATTAGATACCCCGGTAGTCGCGATCTACTGTCTCTTATACACATCTCCGAGCCCACGAGACCGTACTAGATCTCGTATGCCGTCTTCTGCTTGAA","d__Bacteria",NA,NA,NA,NA,NA,NA
"CCTACGGGGGGCTGCAGCCGCGGTAATACGTAGGGGGCAAGCGTTATCCGGATTTACTGGGTGTAAAGGGAGCGTAGGTGGCATGGTAAGTCAGAAGTGAAAACCCGGGGCTCAACCCCGTGGATTGCTTTTGAAACTATCAGGCTAGAGTACAGGAGAGGTAAGTGGAATTCCTAGTGTAGCGGTGAAATGCGTAGATATTAGGAGGAACACCAGTGGCGAAGGCGACTTACTGGACTGACACTGACACTGAGGCTCGAAAGCGTGGGGAGCAAACAGGATTAGATACCCGAGTAGTC","d__Bacteria","p__Bacillota_A_368345","c__Clostridia_258483","o__Lachnospirales","f__Lachnospiraceae",NA,NA
"CCTACGGGGGGCAGCAGCCGCGGTAATACAGAGGGTGCGAGCGTTAATCGGATTTACTGGGCGTAAAGCGTGCGTAGGCGGCTTCTTAAGTCGGATGTGAAATCCCTGAGCTTAACTTAGGAATTGCATTCGATACTGGGAAGCTAGAGTATGGGAGAGGATGGTAGAATTCCAGGTGTAGCGGTGAAATGCGTAGAGATCTGGAGGAATACCGATGGCGAAGGCAGCCATCTGGCCTAATACTGACGCTGAGGTACGAAAGCATGGGGAGCAAACAGGATTAGATACCCTTGTAGTC","d__Bacteria","p__Pseudomonadota","c__Gammaproteobacteria","o__Pseudomonadales_A_660879","f__Moraxellaceae","g__Acinetobacter",NA
"CCTACGGGGGGCAGCAGCCGCGGTAATACAGAGGGTGCGAGCGTTAATCGGATTTACTGGGCGTAAAGCGTGCGTAGGCGGCTTCTTAAGTCGGATGTGAAATCCCTGAGCTTAACTTAGGAATTGCATTCGATACTGGGAAGCTAGAGTATGGGAGAGGATGGTAGAATTCCAGGTGTAGCGGTGAAATGCGTAGAGATCTGGAGGAATACCGATGGCGAAGGCAGCCATCTGGCCTAATACTGACGCTGAGGTACGAAAGCATGGGGAGCAAACAGGATTAGATACCCGGGTAGTC","d__Bacteria","p__Pseudomonadota","c__Gammaproteobacteria","o__Pseudomonadales_A_660879","f__Moraxellaceae","g__Acinetobacter",NA
"CCTACGGGGGGCAGCAGCCGCGGTAATACGAAGGGTGCAAGCGTTACTCGGAATTACTGGGCGTAAAGCGTGCGTAGGTGGTCGTTTAAGTCCGTTGTGAAAGCCCTGGGCTCAACCTGGGAACTGCAGTGGATACTGGGCGACTAGAATGTGGTAGAGGGTAGCGGAATTCCTGGTGTAGCAGTGAAATGCGTAGAGATCAGGAGGAACATCCATGGCGAAGGCAGCTACCTGGACCAACACTGACACTGAGGCACGAAAGCGTGGGGAGCAAACAGGATTAGATACCCGAGTAGTC","d__Bacteria","p__Pseudomonadota","c__Gammaproteobacteria","o__Xanthomonadales","f__Xanthomonadaceae","g__Stenotrophomonas_A_615274",NA
"CCTACGGGGGGCAGCAGCCGCGGTAATACGTAGGGTGCAAGCGTTAATCGGAATTACTGGGCGTAAAGCGTGCGCAGGCGGTGATGTAAGACAGTTGTGAAATCCCCGGGCTCAACCTGGGAACTGCATCTGTGACTGCATCGCTGGAGTACGGCAGAGGGGGATGGAATTCCGCGTGTAGCAGTGAAATGCGTAGATATGCGGAGGAACACCGATGGCGAAGGCAATCCCCTGGGCCTGTACTGACGCTCATGCACGAAAGCGTGGGGAGCAAACAGGATTAGATACCCGAGTAGTC","d__Bacteria","p__Pseudomonadota","c__Gammaproteobacteria","o__Burkholderiales","f__Burkholderiaceae_A_595421","g__Variovorax","s__gossypii"
"CCTACGGGGGGCAGCAGCCGCGGTAATACGAAGGGTGCAAGCGTTACTCGGAATTACTGGGCGTAAAGCGTGCGTAGGTGGTTGTTTAAGTCTGTTGTGAAAGCCCTGGGCTCAACCTGGGAATTGCAGTGGATACTGGGCGACTAGAGTGTGGTAGAGGGTAGTGGAATTCCCGGTGTAGCAGTGAAATGCGTAGAGATCGGGAGGAACATCCATGGCGAAGGCAGCTACCTGGACCAACACTGACACTGAGGCACGAAAGCGTGGGGAGCAAACAGGATTAGATACCCCAGTAGTC","d__Bacteria","p__Pseudomonadota","c__Gammaproteobacteria","o__Xanthomonadales","f__Xanthomonadaceae","g__Stenotrophomonas_A_615274","s__rhizophila"
"CCTACGGGGGGCAGCAGCCGCGGTAATACAGAGGGTGCAAGCGTTAATCGGAATTACTGGGCGTAAAGCGCGCGTAGGTGGTTTGTTAAGTTGGATGTGAAATCCCCGGGCTCAACCTGGGAACTGCATTCAAAACTGACTGACTAGAGTATGGTAGAGGGTGGTGGAATTTCCTGTGTAGCGGTGAAATGCGTAGATATAGGAAGGAACACCAGTGGCGAAGGCGACCACCTGGACTAATACTGACACTGAGGTGCGAAAGCGTGGGGAGCAAACAGGATTAGATACCCTGGTAGTC","d__Bacteria","p__Pseudomonadota","c__Gammaproteobacteria","o__Pseudomonadales_A_650611","f__Pseudomonadaceae","g__Pseudomonas_E_647464",NA
"CCTACGGGGGGCAGCAGCCGCGGTAATACGTAGGGTGCAAGCGTTAATCGGAATTACTGGGCGTAAAGCGTGCGCAGGCGGTGATGTAAGACAGTTGTGAAATCCCCGGGCTCAACCTGGGAACTGCATCTGTGACTGCATCGCTGGAGTACGGCAGAGGGGGATGGAATTCCGCGTGTAGCAGTGAAATGCGTAGATATGCGGAGGAACACCGATGGCGAAGGCAATCCCCTGGGCCTGTACTGACGCTCATGCACGAAAGCGTGGGGAGCAAACAGGATTAGATACCCTTGTAGTC","d__Bacteria","p__Pseudomonadota","c__Gammaproteobacteria","o__Burkholderiales","f__Burkholderiaceae_A_595421","g__Variovorax",NA
"CCTACGGGGGGCAGCAGCCGCGGTAATACGAAGGGTGCAAGCGTTACTCGGAATTACTGGGCGTAAAGCGTGCGTAGGTGGTTGTTTAAGTCTGTTGTGAAAGCCCTGGGCTCAACCTGGGAATTGCAGTGGATACTGGGCGACTAGAGTGTGGTAGAGGGTAGTGGAATTCCCGGTGTAGCAGTGAAATGCGTAGAGATCGGGAGGAACATCCATGGCGAAGGCAGCTACCTGGACCAACACTGACACTGAGGCACGAAAGCGTGGGGAGCAAACAGGATTAGATACCCTAGTAGTC","d__Bacteria","p__Pseudomonadota","c__Gammaproteobacteria","o__Xanthomonadales","f__Xanthomonadaceae","g__Stenotrophomonas_A_615274","s__rhizophila"
"CCTACGGGGGGCAGCAGCCGCGGTAATACGTAGGGTGCAAGCGTTAATCGGAATTACTGGGCGTAAAGCGTGCGCAGGCGGTGATGTAAGACAGTTGTGAAATCCCCGGGCTCAACCTGGGAACTGCATCTGTGACTGCATCGCTGGAGTACGGCAGAGGGGGATGGAATTCCGCGTGTAGCAGTGAAATGCGTAGATATGCGGAGGAACACCGATGGCGAAGGCAATCCCCTGGGCCTGTACTGACGCTCATGCACGAAAGCGTGGGGAGCAAACAGGATTAGATACCCGTGTAGTC","d__Bacteria","p__Pseudomonadota","c__Gammaproteobacteria","o__Burkholderiales","f__Burkholderiaceae_A_595421","g__Variovorax",NA
"CCTACGGGGGGCAGCAGCCGCGGTAATACGTAGGTCCCGAGCGTTGTCCGGATTTATTGGGCGTAAAGCGAGCGCAGGCGGTTTGATAAGTCTGAAGTTAAAGGCTGTGGCTCAACCATAGTTCGCTTTGGAAACTGTCAAACTTGAGTGCAGAAGGGGAGAGTGGAATTCCATGTGTAGCGGTGAAATGCGTAGATATATGGAGGAACACCGGTGGCGAAAGCGGCTCTCTGGTCTGTAACTGACGCTGAGGCTCGAAAGCGTGGGGAGCGAACAGGATTAGATACCCTTGTAGTC","d__Bacteria","p__Bacillota_I","c__Bacilli_A","o__Lactobacillales","f__Streptococcaceae","g__Streptococcus","s__vestibularis"
"CCTACGGGGGGCAGCAGCCGCGGTAATACGTAGGTCCCGAGCGTTGTCCGGATTTATTGGGCGTAAAGCGAGCGCAGGCGGTTTGATAAGTCTGAAGTTAAAGGCTGTGGCTCAACCATAGTTCGCTTTGGAAACTGTCAAACTTGAGTGCAGAAGGGGAGAGTGGAATTCCATGTGTAGCGGTGAAATGCGTAGATATATGGAGGAACACCGGTGGCGAAAGCGGCTCTCTGGTCTGTAACTGACGCTGAGGCTCGAAAGCGTGGGGAGCGAACAGGATTAGATACCCGTGTAGTC","d__Bacteria","p__Bacillota_I","c__Bacilli_A","o__Lactobacillales","f__Streptococcaceae","g__Streptococcus","s__vestibularis"
"CCTACGGGGGGCAGCAGCCGCGGTAATACGTAGGTCCCGAGCGTTGTCCGGATTTATTGGGCGTAAAGCGAGCGCAGGCGGTTTGATAAGTCTGAAGTTAAAGGCTGTGGCTCAACCATAGTTCGCTTTGGAAACTGTCAAACTTGAGTGCAGAAGGGGAGAGTGGAATTCCATGTGTAGCGGTGAAATGCGTAGATATATGGAGGAACACCGGTGGCGAAAGCGGCTCTCTGGTCTGTAACTGACGCTGAGGCTCGAAAGCGTGGGGAGCGAACAGGATTAGATACCCTAGTAGTC","d__Bacteria","p__Bacillota_I","c__Bacilli_A","o__Lactobacillales","f__Streptococcaceae","g__Streptococcus","s__vestibularis"
"CCTACGGGGGGCAGCAGCCGCGGTAATACGGAGGGTGCAAGCGTTAATCGGAATTACTGGGCGTAAAGCGCACGCAGGCGGTTTGTTAAGTCAGATGTGAAATCCCCGAGCTTAACTTGGGAACTGCATTTGAAACTGGCAAGCTAGAGTCTTGTAGAGGGGGGTAGAATTCCAGGTGTAGCGGTGAAATGCGTAGAGATCTGGAGGAATACCGGTGGCGAAGGCGGCCCCCTGGACAAAGACTGACGCTCAGGTGCGAAAGCGTGGGGAGCAAACAGGATTAGATACCCCTGTAGTC","d__Bacteria","p__Pseudomonadota","c__Gammaproteobacteria","o__Enterobacterales_737866","f__Enterobacteriaceae_A_729055",NA,NA
"CCTACGGGGGGCTGCAGCCGCGGTAATACGGAGGGTGCAAGCGTTACTCGGAATCACTGGGCGTAAAGAGCGCGTAGGCGGGGTAATAAGTCAGATGTGAAATCCTGTAGCTTAACTGCAGAACTGCATTTGAAACTGTTACTCTAGAGTGTGGGAGAGGTAGGTGGAATTCTTGGTGTAGGGGTAAAATCCGTAGAGATCAAGAGGAATACTCATTGCGAAGGCGACCTGCTGGAACATAACTGACGCTGATGCGCGAAAGCGTGGGGAGCAAACAGGATTAGATACCCCGGTAGTC","d__Bacteria","p__Campylobacterota_A","c__Campylobacteria","o__Campylobacterales","f__Helicobacteraceae",NA,NA
"CCTACGGGGGGCAGCAGCCGCGGTAATACGTAGGTGGCAAGCGTTGTCCGGATTTATTGGGCGTAAAGCGAGCGCAGGCGGTTTCTTAAGTCTGATGTGAAAGCCCCCGGCTCAACCGGGGAGGGTCATTGGAAACTGGGAGACTTGAGTGCAGAAGAGGAGAGTGGAATTCCATGTGTAGCGGTGAAATGCGTAGATATATGGAGGAACACCAGTGGCGAAGGCGGCTCTCTGGTCTGTAACTGACGCTGAGGCTCGAAAGCGTGGGGAGCAAACAGGATTAGATACCCCAGTAGTC","d__Bacteria","p__Bacillota_I","c__Bacilli_A","o__Lactobacillales","f__Enterococcaceae",NA,NA
"CCTACGGGGGGCAGCAGCCGCGGTAATACGTAGGGGGCAAGCGTTATCCGGATTTACTGGGTGTAAAGGGAGCGTAGACGGCGAGACAAGTCTGAAGTGAAAGCCCGGGGCTCAACCCCGCGGACTGCTTTGGAAACTGCCTTGCTAGAGTGTCGGAGAGGTAAGTGGAATTCCTAGTGTAGCGGTGAAATGCGTAGATATTAGGAGGAACACCAGTGGCGAAGGCGGCTTACTGGACGATAACTGACGTTGAGGCTCGAAAGCGTGGGGAGCAAACAGGATTAGATACCCTAGTAGTC","d__Bacteria","p__Bacillota_A_368345","c__Clostridia_258483","o__Lachnospirales","f__Lachnospiraceae","g__UBA3402","s__sp003478355"
"CCTACGGGGGGCAGCAGCCGCGGTAATACAGAGGGTGCAAGCGTTAATCGGAATTACTGGGCGTAAAGCGCGCGTAGGTGGTTTGTTAAGTTGGATGTGAAATCCCCGGGCTCAACCTGGGAACTGCATTCAAAACTGACTGACTAGAGTATGGTAGAGGGTGGTGGAATTTCCTGTGTAGCGGTGAAATGCGTAGATATAGGAAGGAACACCAGTGGCGAAGGCGACCACCTGGACTAATACTGACACTGAGGTGCGAAAGCGTGGGGAGCAAACAGGATTAGATACCCCAGTAGTC","d__Bacteria","p__Pseudomonadota","c__Gammaproteobacteria","o__Pseudomonadales_A_650611","f__Pseudomonadaceae","g__Pseudomonas_E_647464",NA
"CCTACGGGGGGCAGCAGCCGCGGTAATACAGAGGGTGCAAGCGTTAATCGGAATTACTGGGCGTAAAGCGCGCGTAGGTGGTTTGTTAAGTTGGATGTGAAATCCCCGGGCTCAACCTGGGAACTGCATTCAAAACTGACTGACTAGAGTATGGTAGAGGGTGGTGGAATTTCCTGTGTAGCGGTGAAATGCGTAGATATAGGAAGGAACACCAGTGGCGAAGGCGACCACCTGGACTAATACTGACACTGAGGTGCGAAAGCGTGGGGAGCAAACAGGATTAGATACCCCGGTAGTC","d__Bacteria","p__Pseudomonadota","c__Gammaproteobacteria","o__Pseudomonadales_A_650611","f__Pseudomonadaceae","g__Pseudomonas_E_647464",NA
"CCTACGGGGGGCAGCAGCCGCGGTAATACGGAGGGTGCAAGCGTTAATCGGAATTACTGGGCGTAAAGCGCACGCAGGCGGTTTGTTAAGTCAGATGTGAAATCCCCGAGCTTAACTTGGGAACTGCATTTGAAACTGGCAAGCTAGAGTCTTGTAGAGGGGGGTAGAATTCCAGGTGTAGCGGTGAAATGCGTAGAGATCTGGAGGAATACCGGTGGCGAAGGCGGCCCCCTGGACAAAGACTGACGCTCAGGTGCGAAAGCGTGGGGAGCAAACAGGATTAGATACCCTAGTAGTC","d__Bacteria","p__Pseudomonadota","c__Gammaproteobacteria","o__Enterobacterales_737866","f__Enterobacteriaceae_A_729055",NA,NA
"CCTACGGGGGGCAGCAGCCGCGGTAATACGGAGGGTGCAAGCGTTAATCGGAATTACTGGGCGTAAAGCGCACGCAGGCGGTTTGTTAAGTCAGATGTGAAATCCCCGAGCTTAACTTGGGAACTGCATTTGAAACTGGCAAGCTAGAGTCTTGTAGAGGGGGGTAGAATTCCAGGTGTAGCGGTGAAATGCGTAGAGATCTGGAGGAATACCGGTGGCGAAGGCGGCCCCCTGGACAAAGACTGACGCTCAGGTGCGAAAGCGTGGGGAGCAAACAGGATTAGATACCCGGGTAGTC","d__Bacteria","p__Pseudomonadota","c__Gammaproteobacteria","o__Enterobacterales_737866","f__Enterobacteriaceae_A_729055",NA,NA
"CCTACGGGGGGCTGCAGCCGCGGTAATACGGAGGGTGCAAGCGTTACTCGGAATCACTGGGCGTAAAGAGCGCGTAGGCGGGGTAATAAGTCAGATGTGAAATCCTGTAGCTTAACTGCAGAACTGCATTTGAAACTGTTACTCTAGAGTGTGGGAGAGGTAGGTGGAATTCTTGGTGTAGGGGTAAAATCCGTAGAGATCAAGAGGAATACTCATTGCGAAGGCGACCTGCTGGAACATAACTGACGCTGATGCGCGAAAGCGTGGGGAGCAAACAGGATTAGATACCCCTGTAGTC","d__Bacteria","p__Campylobacterota_A","c__Campylobacteria","o__Campylobacterales","f__Helicobacteraceae",NA,NA
"CCTACGGGGGGCTGCAGCCGCGGTAATACGGAGGGTGCAAGCGTTACTCGGAATCACTGGGCGTAAAGAGCGCGTAGGCGGGGTAATAAGTCAGATGTGAAATCCTGTAGCTTAACTGCAGAACTGCATTTGAAACTGTTACTCTAGAGTGTGGGAGAGGTAGGTGGAATTCTTGGTGTAGGGGTAAAATCCGTAGAGATCAAGAGGAATACTCATTGCGAAGGCGACCTGCTGGAACATAACTGACGCTGATGCGCGAAAGCGTGGGGAGCAAACAGGATTAGATACCCGTGTAGTC","d__Bacteria","p__Campylobacterota_A","c__Campylobacteria","o__Campylobacterales","f__Helicobacteraceae",NA,NA
"CCTACGGGGGGCTGCAGCCGCGGTAATACGGAGGGTGCAAGCGTTACTCGGAATCACTGGGCGTAAAGAGCGCGTAGGCGGGGTAATAAGTCAGATGTGAAATCCTGTAGCTTAACTGCAGAACTGCATTTGAAACTGTTACTCTAGAGTGTGGGAGAGGTAGGTGGAATTCTTGGTGTAGGGGTAAAATCCGTAGAGATCAAGAGGAATACTCATTGCGAAGGCGACCTGCTGGAACATAACTGACGCTGATGCGCGAAAGCGTGGGGAGCAAACAGGATTAGATACCCTTGTAGTC","d__Bacteria","p__Campylobacterota_A","c__Campylobacteria","o__Campylobacterales","f__Helicobacteraceae",NA,NA
"CCTACGGGGGGCAGCAGCCGCGGTAATACGTAGGTGGCAAGCGTTGTCCGGATTTATTGGGCGTAAAGCGAGCGCAGGCGGTTTCTTAAGTCTGATGTGAAAGCCCCCGGCTCAACCGGGGAGGGTCATTGGAAACTGGGAGACTTGAGTGCAGAAGAGGAGAGTGGAATTCCATGTGTAGCGGTGAAATGCGTAGATATATGGAGGAACACCAGTGGCGAAGGCGGCTCTCTGGTCTGTAACTGACGCTGAGGCTCGAAAGCGTGGGGAGCAAACAGGATTAGATACCCTTGTAGTC","d__Bacteria","p__Bacillota_I","c__Bacilli_A","o__Lactobacillales","f__Enterococcaceae",NA,NA
"CCTACGGGGGGCAGCAGCCGCGGTAATACGTAGGTGGCAAGCGTTGTCCGGATTTATTGGGCGTAAAGCGAGCGCAGGCGGTTTCTTAAGTCTGATGTGAAAGCCCCCGGCTCAACCGGGGAGGGTCATTGGAAACTGGGAGACTTGAGTGCAGAAGAGGAGAGTGGAATTCCATGTGTAGCGGTGAAATGCGTAGATATATGGAGGAACACCAGTGGCGAAGGCGGCTCTCTGGTCTGTAACTGACGCTGAGGCTCGAAAGCGTGGGGAGCAAACAGGATTAGATACCCGGGTAGTC","d__Bacteria","p__Bacillota_I","c__Bacilli_A","o__Lactobacillales","f__Enterococcaceae","g__Enterococcus_B",NA
"CCTACGGGGGGCAGCAGCCGCGGTAATACGTAGGGGGCAAGCGTTATCCGGATTTACTGGGTGTAAAGGGAGCGTAGACGGCGAGACAAGTCTGAAGTGAAAGCCCGGGGCTCAACCCCGCGGACTGCTTTGGAAACTGCCTTGCTAGAGTGTCGGAGAGGTAAGTGGAATTCCTAGTGTAGCGGTGAAATGCGTAGATATTAGGAGGAACACCAGTGGCGAAGGCGGCTTACTGGACGATAACTGACGTTGAGGCTCGAAAGCGTGGGGAGCAAACAGGATTAGATACCCTTGTAGTC","d__Bacteria","p__Bacillota_A_368345","c__Clostridia_258483","o__Lachnospirales","f__Lachnospiraceae","g__UBA3402","s__sp003478355"
"CCTACGGGGGGCTGCAGCCGCGGTAATACGTAGGTGGCAAGCGTTATCCGGATTTACTGGGTGTAAAGGGCGTGTAGGCGGGATGATAAGTCAGGCGTGAAAACTATGGGCTCAACCCATAGCCTGCGTTTGAAACTATCGTTCTTGAGTGATGGAGAGGCAGGCGGAATTCCCTGTGTAGCGGTGAAATGCGTAGATATAGGGAGGAACACCAGTGGCGAAGGCGGCCTGCTGGACATTAACTGACGCTGAGGCGCGAAAGCGTGGGGAGCAAACAGGATTAGATACCCTGGTAGTC","d__Bacteria","p__Bacillota_A_368345","c__Clostridia_258483","o__Oscillospirales","f__Oscillospiraceae_88309","g__Intestinimonas","s__butyriciproducens"
"CCTACGGGGGGCAGCAGCCGCGGTAATACGTAGGGGGCAAGCGTTATCCGGATTTACTGGGTGTAAAGGGAGCGTAGACGGCGAGACAAGTCTGAAGTGAAAGCCCGGGGCTCAACCCCGCGGACTGCTTTGGAAACTGCCTTGCTAGAGTGTCGGAGAGGTAAGTGGAATTCCTAGTGTAGCGGTGAAATGCGTAGATATTAGGAGGAACACCAGTGGCGAAGGCGGCTTACTGGACGATAACTGACGTTGAGGCTCGAAAGCGTGGGGAGCAAACAGGATTAGATACCCGAGTAGTC","d__Bacteria","p__Bacillota_A_368345","c__Clostridia_258483","o__Lachnospirales","f__Lachnospiraceae","g__UBA3402","s__sp003478355"
"CCTACGGGGGGCTGCAGCCGCGGTAATACGTAGGTGGCAAGCGTTATCCGGATTTACTGGGTGTAAAGGGCGTGTAGGCGGGATGATAAGTCAGGCGTGAAAACTATGGGCTCAACCCATAGCCTGCGTTTGAAACTATCGTTCTTGAGTGATGGAGAGGCAGGCGGAATTCCCTGTGTAGCGGTGAAATGCGTAGATATAGGGAGGAACACCAGTGGCGAAGGCGGCCTGCTGGACATTAACTGACGCTGAGGCGCGAAAGCGTGGGGAGCAAACAGGATTAGATACCCCAGTAGTC","d__Bacteria","p__Bacillota_A_368345","c__Clostridia_258483","o__Oscillospirales","f__Oscillospiraceae_88309","g__Intestinimonas","s__butyriciproducens"
